timestamp,open,high,low,close,volume
2021-09-17 00:01:00+02:00,2077.6,2077.7,2076.6,2077.0,130
2021-09-17 00:02:00+02:00,2077.0,2077.0,2076.8,2076.9,30
2021-09-17 00:03:00+02:00,2076.8,2076.8,2076.5,2076.5,28
2021-09-17 00:04:00+02:00,2076.5,2076.6,2076.5,2076.6,18
2021-09-17 00:05:00+02:00,2076.7,2077.0,2076.7,2076.8,24
2021-09-17 00:06:00+02:00,2076.8,2077.0,2076.7,2076.7,25
2021-09-17 00:07:00+02:00,2076.6,2076.7,2076.6,2076.6,6
2021-09-17 00:08:00+02:00,2076.5,2076.5,2076.3,2076.4,14
2021-09-17 00:09:00+02:00,2076.4,2076.5,2076.3,2076.3,12
2021-09-17 00:10:00+02:00,2076.4,2076.4,2076.4,2076.4,11
2021-09-17 00:11:00+02:00,2076.4,2076.4,2076.2,2076.2,17
2021-09-17 00:12:00+02:00,2076.2,2076.2,2076.1,2076.2,15
2021-09-17 00:13:00+02:00,2076.2,2076.4,2076.2,2076.2,10
2021-09-17 00:14:00+02:00,2076.2,2076.3,2076.2,2076.2,9
2021-09-17 00:15:00+02:00,2076.2,2076.4,2076.2,2076.4,16
2021-09-17 00:16:00+02:00,2076.3,2076.3,2075.8,2075.9,92
2021-09-17 00:17:00+02:00,2075.9,2075.9,2075.8,2075.8,21
2021-09-17 00:18:00+02:00,2075.8,2076.1,2075.8,2076.1,16
2021-09-17 00:19:00+02:00,2076.1,2076.1,2076.0,2076.1,13
2021-09-17 00:20:00+02:00,2076.0,2076.0,2075.8,2075.9,24
2021-09-17 00:21:00+02:00,2075.8,2075.9,2075.8,2075.9,5
2021-09-17 00:22:00+02:00,2075.8,2075.8,2075.7,2075.7,5
2021-09-17 00:23:00+02:00,2075.7,2075.9,2075.7,2075.8,11
2021-09-17 00:24:00+02:00,2075.8,2075.9,2075.6,2075.9,42
2021-09-17 00:25:00+02:00,2076.1,2076.2,2076.1,2076.1,11
2021-09-17 00:26:00+02:00,2076.2,2076.2,2075.9,2075.9,15
2021-09-17 00:27:00+02:00,2076.0,2076.0,2075.9,2075.9,3
2021-09-17 00:28:00+02:00,2076.0,2076.3,2076.0,2076.2,12
2021-09-17 00:29:00+02:00,2076.3,2076.3,2076.2,2076.2,12
2021-09-17 00:30:00+02:00,2076.2,2076.3,2076.2,2076.3,7
2021-09-17 00:31:00+02:00,2076.3,2076.5,2076.3,2076.5,22
2021-09-17 00:32:00+02:00,2076.5,2076.5,2076.3,2076.3,29
2021-09-17 00:33:00+02:00,2076.4,2076.5,2076.2,2076.2,31
2021-09-17 00:34:00+02:00,2076.3,2076.3,2075.9,2075.9,12
2021-09-17 00:35:00+02:00,2076.0,2076.0,2075.8,2075.9,6
2021-09-17 00:36:00+02:00,2075.9,2075.9,2075.7,2075.8,15
2021-09-17 00:37:00+02:00,2075.7,2076.2,2075.7,2076.2,30
2021-09-17 00:38:00+02:00,2076.1,2076.1,2076.0,2076.0,11
2021-09-17 00:39:00+02:00,2075.9,2076.1,2075.8,2076.1,24
2021-09-17 00:40:00+02:00,2076.0,2076.0,2075.9,2075.9,3
2021-09-17 00:41:00+02:00,2075.9,2075.9,2075.8,2075.9,5
2021-09-17 00:42:00+02:00,2075.9,2076.0,2075.9,2076.0,3
2021-09-17 00:43:00+02:00,2075.9,2075.9,2075.8,2075.8,2
2021-09-17 00:44:00+02:00,2075.8,2075.8,2075.7,2075.7,5
2021-09-17 00:45:00+02:00,2075.7,2075.8,2075.7,2075.8,7
2021-09-17 00:46:00+02:00,2075.7,2076.0,2075.7,2075.9,10
2021-09-17 00:47:00+02:00,2075.8,2075.9,2075.6,2075.9,12
2021-09-17 00:48:00+02:00,2075.9,2076.1,2075.9,2076.1,17
2021-09-17 00:49:00+02:00,2076.0,2076.1,2076.0,2076.0,9
2021-09-17 00:50:00+02:00,2076.1,2076.2,2076.1,2076.2,43
2021-09-17 00:51:00+02:00,2076.2,2076.2,2076.1,2076.2,9
2021-09-17 00:52:00+02:00,2076.4,2076.4,2076.3,2076.3,8
2021-09-17 00:53:00+02:00,2076.4,2076.6,2076.4,2076.6,11
2021-09-17 00:54:00+02:00,2076.6,2076.7,2076.3,2076.3,49
2021-09-17 00:55:00+02:00,2076.4,2076.5,2076.3,2076.5,9
2021-09-17 00:56:00+02:00,2076.4,2076.4,2076.3,2076.3,8
2021-09-17 00:57:00+02:00,2076.4,2076.7,2076.4,2076.7,18
2021-09-17 00:58:00+02:00,2076.7,2076.7,2076.6,2076.6,9
2021-09-17 00:59:00+02:00,2076.5,2076.6,2076.5,2076.6,11
2021-09-17 01:00:00+02:00,2076.7,2077.0,2076.7,2077.0,38
2021-09-17 01:01:00+02:00,2077.0,2077.1,2076.8,2076.9,34
2021-09-17 01:02:00+02:00,2076.8,2076.9,2076.8,2076.8,11
2021-09-17 01:03:00+02:00,2076.8,2076.8,2076.7,2076.8,11
2021-09-17 01:04:00+02:00,2076.8,2076.9,2076.8,2076.9,3
2021-09-17 01:05:00+02:00,2076.9,2076.9,2076.8,2076.9,9
2021-09-17 01:06:00+02:00,2076.9,2076.9,2076.7,2076.9,12
2021-09-17 01:07:00+02:00,2076.9,2076.9,2076.7,2076.7,8
2021-09-17 01:08:00+02:00,2076.7,2077.0,2076.7,2077.0,13
2021-09-17 01:09:00+02:00,2076.9,2076.9,2076.9,2076.9,1
2021-09-17 01:10:00+02:00,2076.9,2077.0,2076.9,2077.0,11
2021-09-17 01:11:00+02:00,2077.0,2077.0,2076.9,2076.9,3
2021-09-17 01:12:00+02:00,2076.9,2076.9,2076.8,2076.8,11
2021-09-17 01:13:00+02:00,2076.8,2077.0,2076.8,2077.0,25
2021-09-17 01:14:00+02:00,2076.9,2077.2,2076.9,2077.2,10
2021-09-17 01:15:00+02:00,2077.0,2077.0,2077.0,2077.0,21
2021-09-17 01:16:00+02:00,2077.0,2077.1,2077.0,2077.0,27
2021-09-17 01:17:00+02:00,2077.0,2077.1,2077.0,2077.0,14
2021-09-17 01:18:00+02:00,2077.0,2077.1,2077.0,2077.0,8
2021-09-17 01:19:00+02:00,2077.0,2077.1,2077.0,2077.1,2
2021-09-17 01:20:00+02:00,2077.0,2077.3,2077.0,2077.3,40
2021-09-17 01:21:00+02:00,2077.4,2077.4,2077.3,2077.4,42
2021-09-17 01:22:00+02:00,2077.4,2077.4,2077.3,2077.3,24
2021-09-17 01:23:00+02:00,2077.3,2077.5,2077.2,2077.2,35
2021-09-17 01:24:00+02:00,2077.2,2077.5,2077.2,2077.5,19
2021-09-17 01:25:00+02:00,2077.4,2077.4,2077.3,2077.3,13
2021-09-17 01:26:00+02:00,2077.3,2077.3,2077.2,2077.3,12
2021-09-17 01:27:00+02:00,2077.2,2077.3,2077.2,2077.3,6
2021-09-17 01:28:00+02:00,2077.2,2077.3,2077.2,2077.3,8
2021-09-17 01:29:00+02:00,2077.3,2077.4,2077.2,2077.2,5
2021-09-17 01:30:00+02:00,2077.2,2077.2,2077.1,2077.1,18
2021-09-17 01:31:00+02:00,2077.2,2077.2,2077.2,2077.2,8
2021-09-17 01:33:00+02:00,2077.1,2077.4,2077.1,2077.4,26
2021-09-17 01:34:00+02:00,2077.4,2077.4,2077.3,2077.3,13
2021-09-17 01:35:00+02:00,2077.4,2077.5,2077.4,2077.5,31
2021-09-17 01:36:00+02:00,2077.4,2077.6,2077.4,2077.6,22
2021-09-17 01:37:00+02:00,2077.5,2077.7,2077.4,2077.7,48
2021-09-17 01:38:00+02:00,2077.7,2077.7,2077.6,2077.6,10
2021-09-17 01:39:00+02:00,2077.5,2077.5,2077.4,2077.5,36
2021-09-17 01:40:00+02:00,2077.6,2077.6,2077.6,2077.6,2
2021-09-17 01:41:00+02:00,2077.5,2077.6,2077.5,2077.5,63
2021-09-17 01:42:00+02:00,2077.5,2077.6,2077.5,2077.5,44
2021-09-17 01:43:00+02:00,2077.4,2077.5,2077.4,2077.4,29
2021-09-17 01:44:00+02:00,2077.4,2077.5,2077.4,2077.4,69
2021-09-17 01:45:00+02:00,2077.5,2077.6,2077.4,2077.6,24
2021-09-17 01:46:00+02:00,2077.5,2077.8,2077.4,2077.8,49
2021-09-17 01:47:00+02:00,2077.7,2077.7,2077.4,2077.6,14
2021-09-17 01:48:00+02:00,2077.7,2077.9,2077.7,2077.9,42
2021-09-17 01:49:00+02:00,2077.8,2077.8,2077.5,2077.5,24
2021-09-17 01:50:00+02:00,2077.6,2077.7,2077.5,2077.5,27
2021-09-17 01:51:00+02:00,2077.5,2077.6,2077.4,2077.5,19
2021-09-17 01:52:00+02:00,2077.6,2077.7,2077.5,2077.6,16
2021-09-17 01:53:00+02:00,2077.6,2077.9,2077.6,2077.8,20
2021-09-17 01:54:00+02:00,2077.8,2077.8,2077.7,2077.7,19
2021-09-17 01:55:00+02:00,2077.8,2077.9,2077.5,2077.6,34
2021-09-17 01:56:00+02:00,2077.5,2077.6,2077.5,2077.5,20
2021-09-17 01:57:00+02:00,2077.4,2077.4,2077.3,2077.3,3
2021-09-17 01:58:00+02:00,2077.2,2077.3,2077.1,2077.3,21
2021-09-17 01:59:00+02:00,2077.4,2077.5,2077.3,2077.4,32
2021-09-17 02:00:00+02:00,2077.4,2077.4,2077.1,2077.1,24
2021-09-17 02:01:00+02:00,2077.2,2078.0,2077.1,2077.9,119
2021-09-17 02:02:00+02:00,2077.9,2078.2,2077.5,2077.8,122
2021-09-17 02:03:00+02:00,2077.8,2078.3,2077.8,2078.1,61
2021-09-17 02:04:00+02:00,2078.0,2078.0,2077.4,2077.7,63
2021-09-17 02:05:00+02:00,2077.8,2077.9,2077.5,2077.7,47
2021-09-17 02:06:00+02:00,2077.6,2077.8,2077.4,2077.4,28
2021-09-17 02:07:00+02:00,2077.5,2077.8,2077.5,2077.7,12
2021-09-17 02:08:00+02:00,2077.7,2077.8,2077.5,2077.7,41
2021-09-17 02:09:00+02:00,2077.7,2077.7,2077.5,2077.5,18
2021-09-17 02:10:00+02:00,2077.4,2077.7,2077.4,2077.5,38
2021-09-17 02:11:00+02:00,2077.5,2077.5,2077.4,2077.4,8
2021-09-17 02:12:00+02:00,2077.3,2077.8,2077.3,2077.7,22
2021-09-17 02:13:00+02:00,2077.7,2077.9,2077.5,2077.6,28
2021-09-17 02:14:00+02:00,2077.8,2077.8,2077.6,2077.6,25
2021-09-17 02:15:00+02:00,2077.5,2077.6,2077.4,2077.5,33
2021-09-17 02:16:00+02:00,2077.5,2078.0,2077.5,2078.0,44
2021-09-17 02:17:00+02:00,2078.0,2078.2,2077.6,2077.6,37
2021-09-17 02:18:00+02:00,2077.5,2077.7,2077.1,2077.7,109
2021-09-17 02:19:00+02:00,2077.6,2077.9,2077.5,2077.7,66
2021-09-17 02:20:00+02:00,2077.8,2078.2,2077.4,2077.9,137
2021-09-17 02:21:00+02:00,2077.9,2077.9,2077.7,2077.8,20
2021-09-17 02:22:00+02:00,2077.8,2077.9,2077.8,2077.9,15
2021-09-17 02:23:00+02:00,2077.9,2078.3,2077.9,2078.1,16
2021-09-17 02:24:00+02:00,2078.1,2078.1,2077.8,2078.0,23
2021-09-17 02:25:00+02:00,2078.1,2078.2,2078.0,2078.0,6
2021-09-17 02:26:00+02:00,2077.9,2077.9,2077.6,2077.8,79
2021-09-17 02:27:00+02:00,2077.8,2077.9,2077.7,2077.9,73
2021-09-17 02:28:00+02:00,2077.9,2078.1,2077.9,2077.9,33
2021-09-17 02:29:00+02:00,2077.9,2078.0,2077.9,2078.0,10
2021-09-17 02:30:00+02:00,2078.1,2078.2,2078.1,2078.2,22
2021-09-17 02:31:00+02:00,2078.3,2078.3,2078.0,2078.1,46
2021-09-17 02:32:00+02:00,2078.2,2078.4,2078.2,2078.3,50
2021-09-17 02:33:00+02:00,2078.3,2078.4,2078.2,2078.3,26
2021-09-17 02:34:00+02:00,2078.3,2078.7,2078.2,2078.2,96
2021-09-17 02:35:00+02:00,2078.3,2078.5,2078.3,2078.4,142
2021-09-17 02:36:00+02:00,2078.4,2078.8,2078.4,2078.6,70
2021-09-17 02:37:00+02:00,2078.6,2078.6,2078.0,2078.2,74
2021-09-17 02:38:00+02:00,2078.2,2078.5,2078.2,2078.5,13
2021-09-17 02:39:00+02:00,2078.4,2078.4,2078.1,2078.2,38
2021-09-17 02:40:00+02:00,2078.0,2078.1,2077.9,2078.1,38
2021-09-17 02:41:00+02:00,2078.0,2078.2,2077.9,2078.2,30
2021-09-17 02:42:00+02:00,2078.1,2078.2,2078.0,2078.0,50
2021-09-17 02:43:00+02:00,2078.1,2078.3,2078.0,2078.3,67
2021-09-17 02:44:00+02:00,2078.3,2078.5,2078.3,2078.5,16
2021-09-17 02:45:00+02:00,2078.5,2078.6,2078.5,2078.5,45
2021-09-17 02:46:00+02:00,2078.5,2078.7,2078.5,2078.5,51
2021-09-17 02:47:00+02:00,2078.5,2078.5,2078.4,2078.5,15
2021-09-17 02:48:00+02:00,2078.5,2078.5,2078.4,2078.4,12
2021-09-17 02:49:00+02:00,2078.3,2078.4,2078.2,2078.4,11
2021-09-17 02:50:00+02:00,2078.5,2078.6,2078.4,2078.4,21
2021-09-17 02:51:00+02:00,2078.4,2078.5,2078.3,2078.3,10
2021-09-17 02:52:00+02:00,2078.3,2078.9,2078.3,2078.9,101
2021-09-17 02:53:00+02:00,2078.8,2078.9,2078.6,2078.6,30
2021-09-17 02:54:00+02:00,2078.6,2078.9,2078.6,2078.8,19
2021-09-17 02:55:00+02:00,2078.8,2079.3,2078.8,2079.0,135
2021-09-17 02:56:00+02:00,2078.9,2078.9,2078.6,2078.6,47
2021-09-17 02:57:00+02:00,2078.7,2079.1,2078.7,2079.0,47
2021-09-17 02:58:00+02:00,2079.1,2079.4,2079.0,2079.4,45
2021-09-17 02:59:00+02:00,2079.3,2079.5,2079.3,2079.5,27
2021-09-17 03:00:00+02:00,2079.4,2079.7,2079.4,2079.6,70
2021-09-17 03:01:00+02:00,2079.6,2080.5,2079.2,2080.3,413
2021-09-17 03:02:00+02:00,2080.4,2080.4,2079.7,2079.7,146
2021-09-17 03:03:00+02:00,2079.7,2080.2,2079.7,2080.2,73
2021-09-17 03:04:00+02:00,2080.3,2080.3,2079.5,2079.7,190
2021-09-17 03:05:00+02:00,2079.9,2080.8,2079.7,2080.7,173
2021-09-17 03:06:00+02:00,2080.6,2080.7,2079.6,2080.0,119
2021-09-17 03:07:00+02:00,2079.9,2080.4,2079.6,2080.4,55
2021-09-17 03:08:00+02:00,2080.3,2080.3,2079.9,2080.1,45
2021-09-17 03:09:00+02:00,2080.1,2080.3,2080.0,2080.1,55
2021-09-17 03:10:00+02:00,2080.1,2080.4,2080.0,2080.4,37
2021-09-17 03:11:00+02:00,2080.4,2080.5,2080.0,2080.4,56
2021-09-17 03:12:00+02:00,2080.4,2080.7,2080.2,2080.5,81
2021-09-17 03:13:00+02:00,2080.5,2080.8,2080.1,2080.7,94
2021-09-17 03:14:00+02:00,2080.7,2080.8,2080.4,2080.4,49
2021-09-17 03:15:00+02:00,2080.5,2080.7,2080.4,2080.7,47
2021-09-17 03:16:00+02:00,2080.7,2080.8,2080.4,2080.4,103
2021-09-17 03:17:00+02:00,2080.4,2080.5,2080.0,2080.5,67
2021-09-17 03:18:00+02:00,2080.6,2080.6,2079.7,2079.7,80
2021-09-17 03:19:00+02:00,2079.6,2079.7,2079.5,2079.5,95
2021-09-17 03:20:00+02:00,2079.5,2080.2,2079.5,2080.1,62
2021-09-17 03:21:00+02:00,2080.0,2080.3,2079.9,2080.2,57
2021-09-17 03:22:00+02:00,2080.3,2080.5,2080.1,2080.2,52
2021-09-17 03:23:00+02:00,2080.4,2080.6,2080.4,2080.6,42
2021-09-17 03:24:00+02:00,2080.5,2080.8,2080.5,2080.6,85
2021-09-17 03:25:00+02:00,2080.6,2080.7,2079.7,2080.3,196
2021-09-17 03:26:00+02:00,2080.4,2080.7,2080.2,2080.2,86
2021-09-17 03:27:00+02:00,2080.4,2080.4,2080.0,2080.1,41
2021-09-17 03:28:00+02:00,2080.1,2080.3,2080.0,2080.3,19
2021-09-17 03:29:00+02:00,2080.3,2080.3,2079.9,2080.2,58
2021-09-17 03:30:00+02:00,2080.3,2080.7,2080.2,2080.6,105
2021-09-17 03:31:00+02:00,2080.6,2080.6,2079.9,2079.9,77
2021-09-17 03:32:00+02:00,2080.0,2080.1,2079.6,2079.8,74
2021-09-17 03:33:00+02:00,2079.8,2080.0,2079.5,2079.7,112
2021-09-17 03:34:00+02:00,2079.7,2079.9,2079.3,2079.3,224
2021-09-17 03:35:00+02:00,2079.3,2079.8,2079.3,2079.7,63
2021-09-17 03:36:00+02:00,2079.7,2080.5,2079.7,2080.5,94
2021-09-17 03:37:00+02:00,2080.6,2080.8,2080.5,2080.6,71
2021-09-17 03:38:00+02:00,2080.5,2080.7,2080.5,2080.7,53
2021-09-17 03:39:00+02:00,2080.8,2081.1,2080.7,2081.0,152
2021-09-17 03:40:00+02:00,2081.0,2081.3,2080.8,2080.8,110
2021-09-17 03:41:00+02:00,2080.8,2080.8,2080.0,2080.0,97
2021-09-17 03:42:00+02:00,2080.0,2080.0,2079.3,2079.4,101
2021-09-17 03:43:00+02:00,2079.5,2080.0,2079.5,2079.5,99
2021-09-17 03:44:00+02:00,2079.5,2079.5,2079.0,2079.2,171
2021-09-17 03:45:00+02:00,2079.2,2079.8,2079.1,2079.7,77
2021-09-17 03:46:00+02:00,2079.6,2079.6,2079.0,2079.1,278
2021-09-17 03:47:00+02:00,2079.1,2079.5,2079.1,2079.3,135
2021-09-17 03:48:00+02:00,2079.3,2079.6,2078.5,2078.5,147
2021-09-17 03:49:00+02:00,2078.5,2079.1,2078.5,2079.1,87
2021-09-17 03:50:00+02:00,2079.1,2079.5,2078.8,2079.5,63
2021-09-17 03:51:00+02:00,2079.4,2079.5,2079.0,2079.3,65
2021-09-17 03:52:00+02:00,2079.3,2079.3,2079.0,2079.1,49
2021-09-17 03:53:00+02:00,2079.0,2079.1,2078.6,2078.6,36
2021-09-17 03:54:00+02:00,2078.6,2078.8,2078.5,2078.8,45
2021-09-17 03:55:00+02:00,2078.7,2078.8,2077.7,2078.3,260
2021-09-17 03:56:00+02:00,2078.3,2078.7,2078.2,2078.5,56
2021-09-17 03:57:00+02:00,2078.6,2078.7,2078.3,2078.7,48
2021-09-17 03:58:00+02:00,2078.5,2078.7,2078.5,2078.7,41
2021-09-17 03:59:00+02:00,2078.7,2079.0,2078.5,2078.6,93
2021-09-17 04:00:00+02:00,2078.6,2078.6,2077.8,2078.2,94
2021-09-17 04:01:00+02:00,2078.2,2078.5,2078.0,2078.4,74
2021-09-17 04:02:00+02:00,2078.4,2078.8,2078.3,2078.8,44
2021-09-17 04:03:00+02:00,2078.9,2079.0,2078.4,2078.6,93
2021-09-17 04:04:00+02:00,2078.6,2079.1,2078.5,2079.1,76
2021-09-17 04:05:00+02:00,2079.0,2079.2,2079.0,2079.1,30
2021-09-17 04:06:00+02:00,2079.0,2079.2,2079.0,2079.1,36
2021-09-17 04:07:00+02:00,2079.1,2079.4,2079.0,2079.3,51
2021-09-17 04:08:00+02:00,2079.3,2079.3,2079.1,2079.3,37
2021-09-17 04:09:00+02:00,2079.4,2079.4,2078.6,2078.7,138
2021-09-17 04:10:00+02:00,2078.6,2078.8,2078.6,2078.7,12
2021-09-17 04:11:00+02:00,2078.7,2078.7,2078.5,2078.7,78
2021-09-17 04:12:00+02:00,2078.7,2079.5,2078.7,2079.4,117
2021-09-17 04:13:00+02:00,2079.4,2079.7,2079.3,2079.7,67
2021-09-17 04:14:00+02:00,2079.7,2079.9,2079.4,2079.4,172
2021-09-17 04:15:00+02:00,2079.4,2079.8,2079.4,2079.8,104
2021-09-17 04:16:00+02:00,2079.7,2079.7,2079.5,2079.5,76
2021-09-17 04:17:00+02:00,2079.6,2079.6,2079.0,2079.0,90
2021-09-17 04:18:00+02:00,2079.1,2079.1,2078.9,2079.0,46
2021-09-17 04:19:00+02:00,2079.0,2079.3,2078.9,2079.3,52
2021-09-17 04:20:00+02:00,2079.3,2079.3,2079.2,2079.3,24
2021-09-17 04:21:00+02:00,2079.3,2079.5,2079.3,2079.5,16
2021-09-17 04:22:00+02:00,2079.5,2079.5,2079.4,2079.5,15
2021-09-17 04:23:00+02:00,2079.5,2079.5,2079.3,2079.5,29
2021-09-17 04:24:00+02:00,2079.5,2079.6,2079.5,2079.6,21
2021-09-17 04:25:00+02:00,2079.5,2079.5,2079.4,2079.5,19
2021-09-17 04:26:00+02:00,2079.6,2079.7,2079.6,2079.7,25
2021-09-17 04:27:00+02:00,2079.6,2079.9,2079.6,2079.7,40
2021-09-17 04:28:00+02:00,2079.8,2079.8,2079.7,2079.8,20
2021-09-17 04:29:00+02:00,2079.8,2080.1,2079.8,2080.1,69
2021-09-17 04:30:00+02:00,2080.1,2080.3,2079.9,2080.1,46
2021-09-17 04:31:00+02:00,2080.0,2080.1,2079.8,2079.8,47
2021-09-17 04:32:00+02:00,2079.8,2079.8,2079.3,2079.3,40
2021-09-17 04:33:00+02:00,2079.4,2079.5,2079.2,2079.3,59
2021-09-17 04:34:00+02:00,2079.3,2079.3,2079.2,2079.3,16
2021-09-17 04:35:00+02:00,2079.3,2079.6,2079.3,2079.6,38
2021-09-17 04:36:00+02:00,2079.5,2080.0,2079.5,2079.8,35
2021-09-17 04:37:00+02:00,2079.8,2080.1,2079.8,2080.1,16
2021-09-17 04:38:00+02:00,2080.1,2080.3,2080.1,2080.2,103
2021-09-17 04:39:00+02:00,2080.2,2080.6,2080.2,2080.5,72
2021-09-17 04:40:00+02:00,2080.5,2080.7,2080.4,2080.6,80
2021-09-17 04:41:00+02:00,2080.5,2080.8,2080.5,2080.6,46
2021-09-17 04:42:00+02:00,2080.6,2080.6,2080.1,2080.1,74
2021-09-17 04:43:00+02:00,2080.1,2080.3,2080.0,2080.3,68
2021-09-17 04:44:00+02:00,2080.4,2080.8,2080.4,2080.8,36
2021-09-17 04:45:00+02:00,2080.7,2080.7,2080.5,2080.6,37
2021-09-17 04:46:00+02:00,2080.7,2081.0,2080.7,2080.9,39
2021-09-17 04:47:00+02:00,2080.9,2081.1,2080.9,2080.9,37
2021-09-17 04:48:00+02:00,2081.0,2081.0,2080.7,2080.8,48
2021-09-17 04:49:00+02:00,2080.8,2080.9,2080.7,2080.8,20
2021-09-17 04:50:00+02:00,2080.8,2081.0,2080.8,2081.0,12
2021-09-17 04:51:00+02:00,2081.0,2081.1,2081.0,2081.0,24
2021-09-17 04:52:00+02:00,2081.1,2081.1,2080.8,2080.8,26
2021-09-17 04:53:00+02:00,2080.9,2081.2,2080.9,2081.0,49
2021-09-17 04:54:00+02:00,2081.0,2081.0,2080.8,2080.9,44
2021-09-17 04:55:00+02:00,2081.0,2081.3,2081.0,2081.3,91
2021-09-17 04:56:00+02:00,2081.2,2081.4,2080.8,2080.8,87
2021-09-17 04:57:00+02:00,2080.9,2081.0,2080.9,2080.9,12
2021-09-17 04:58:00+02:00,2080.8,2081.2,2080.8,2081.1,35
2021-09-17 04:59:00+02:00,2081.1,2081.3,2081.0,2081.3,31
2021-09-17 05:00:00+02:00,2081.4,2081.5,2081.3,2081.4,112
2021-09-17 05:01:00+02:00,2081.4,2081.7,2081.4,2081.7,91
2021-09-17 05:02:00+02:00,2081.7,2081.7,2081.6,2081.6,29
2021-09-17 05:03:00+02:00,2081.6,2081.8,2081.6,2081.7,101
2021-09-17 05:04:00+02:00,2081.7,2081.8,2081.5,2081.6,32
2021-09-17 05:05:00+02:00,2081.7,2081.8,2081.6,2081.7,30
2021-09-17 05:06:00+02:00,2081.7,2082.0,2081.6,2081.8,103
2021-09-17 05:07:00+02:00,2081.9,2082.1,2081.8,2082.1,28
2021-09-17 05:08:00+02:00,2082.1,2082.1,2081.7,2081.7,54
2021-09-17 05:09:00+02:00,2081.8,2082.0,2081.7,2082.0,30
2021-09-17 05:10:00+02:00,2082.0,2082.4,2082.0,2082.3,106
2021-09-17 05:11:00+02:00,2082.2,2082.3,2082.1,2082.2,43
2021-09-17 05:12:00+02:00,2082.3,2082.6,2082.2,2082.5,131
2021-09-17 05:13:00+02:00,2082.5,2082.5,2082.3,2082.3,78
2021-09-17 05:14:00+02:00,2082.3,2082.4,2082.3,2082.3,20
2021-09-17 05:15:00+02:00,2082.5,2082.7,2082.5,2082.7,66
2021-09-17 05:16:00+02:00,2082.7,2082.7,2082.4,2082.7,77
2021-09-17 05:17:00+02:00,2082.6,2082.7,2082.5,2082.6,64
2021-09-17 05:18:00+02:00,2082.5,2082.6,2082.4,2082.6,88
2021-09-17 05:19:00+02:00,2082.5,2082.7,2082.5,2082.5,82
2021-09-17 05:20:00+02:00,2082.5,2082.6,2082.5,2082.6,54
2021-09-17 05:21:00+02:00,2082.6,2082.7,2082.6,2082.6,97
2021-09-17 05:22:00+02:00,2082.7,2082.7,2082.5,2082.6,54
2021-09-17 05:23:00+02:00,2082.6,2082.9,2082.5,2082.6,214
2021-09-17 05:24:00+02:00,2082.6,2082.6,2082.0,2082.1,119
2021-09-17 05:25:00+02:00,2082.0,2082.1,2081.8,2082.0,98
2021-09-17 05:26:00+02:00,2081.9,2081.9,2081.6,2081.7,52
2021-09-17 05:27:00+02:00,2081.7,2081.7,2081.6,2081.6,32
2021-09-17 05:28:00+02:00,2081.6,2082.1,2081.6,2081.9,85
2021-09-17 05:29:00+02:00,2081.7,2081.8,2081.3,2081.7,157
2021-09-17 05:30:00+02:00,2081.6,2081.9,2081.2,2081.5,121
2021-09-17 05:31:00+02:00,2081.6,2081.7,2081.6,2081.6,27
2021-09-17 05:32:00+02:00,2081.6,2081.7,2081.6,2081.7,14
2021-09-17 05:33:00+02:00,2081.7,2081.7,2081.6,2081.6,6
2021-09-17 05:34:00+02:00,2081.6,2081.8,2081.6,2081.8,14
2021-09-17 05:35:00+02:00,2081.7,2081.9,2081.6,2081.6,29
2021-09-17 05:36:00+02:00,2081.7,2081.8,2081.7,2081.7,16
2021-09-17 05:37:00+02:00,2081.8,2081.9,2081.8,2081.9,9
2021-09-17 05:38:00+02:00,2081.8,2081.8,2081.7,2081.7,4
2021-09-17 05:39:00+02:00,2081.7,2081.8,2081.7,2081.8,16
2021-09-17 05:40:00+02:00,2081.7,2081.7,2081.2,2081.2,79
2021-09-17 05:41:00+02:00,2081.3,2081.3,2081.1,2081.3,47
2021-09-17 05:42:00+02:00,2081.4,2081.5,2081.4,2081.5,14
2021-09-17 05:43:00+02:00,2081.5,2081.6,2081.3,2081.3,66
2021-09-17 05:44:00+02:00,2081.4,2081.4,2081.2,2081.2,18
2021-09-17 05:45:00+02:00,2081.3,2081.4,2081.3,2081.3,21
2021-09-17 05:46:00+02:00,2081.2,2081.3,2081.2,2081.3,2
2021-09-17 05:47:00+02:00,2081.2,2081.3,2081.1,2081.3,23
2021-09-17 05:48:00+02:00,2081.4,2081.4,2081.4,2081.4,10
2021-09-17 05:49:00+02:00,2081.5,2081.5,2081.5,2081.5,3
2021-09-17 05:50:00+02:00,2081.5,2081.7,2081.5,2081.5,36
2021-09-17 05:51:00+02:00,2081.5,2081.7,2081.5,2081.7,21
2021-09-17 05:52:00+02:00,2081.7,2081.8,2081.7,2081.8,9
2021-09-17 05:53:00+02:00,2081.8,2081.8,2081.7,2081.7,9
2021-09-17 05:54:00+02:00,2081.6,2081.6,2081.3,2081.6,47
2021-09-17 05:55:00+02:00,2081.6,2081.6,2081.6,2081.6,11
2021-09-17 05:56:00+02:00,2081.6,2081.7,2081.6,2081.6,12
2021-09-17 05:57:00+02:00,2081.7,2081.8,2081.7,2081.8,10
2021-09-17 05:58:00+02:00,2081.8,2081.8,2081.4,2081.6,35
2021-09-17 05:59:00+02:00,2081.6,2081.8,2081.6,2081.8,15
2021-09-17 06:00:00+02:00,2081.8,2081.8,2081.5,2081.6,39
2021-09-17 06:01:00+02:00,2081.6,2081.7,2081.3,2081.4,59
2021-09-17 06:02:00+02:00,2081.5,2081.7,2081.5,2081.6,14
2021-09-17 06:03:00+02:00,2081.6,2081.7,2081.4,2081.4,17
2021-09-17 06:04:00+02:00,2081.6,2081.7,2081.5,2081.7,47
2021-09-17 06:05:00+02:00,2081.6,2081.8,2081.6,2081.7,9
2021-09-17 06:06:00+02:00,2081.7,2081.9,2081.7,2081.9,15
2021-09-17 06:07:00+02:00,2081.9,2082.0,2081.8,2081.8,18
2021-09-17 06:08:00+02:00,2081.7,2081.8,2081.7,2081.7,7
2021-09-17 06:09:00+02:00,2081.7,2081.8,2081.7,2081.8,3
2021-09-17 06:10:00+02:00,2081.8,2081.9,2081.8,2081.9,55
2021-09-17 06:11:00+02:00,2082.0,2082.0,2081.9,2081.9,11
2021-09-17 06:12:00+02:00,2081.9,2081.9,2081.8,2081.8,13
2021-09-17 06:13:00+02:00,2081.8,2082.0,2081.8,2082.0,29
2021-09-17 06:14:00+02:00,2082.0,2082.4,2082.0,2082.0,98
2021-09-17 06:15:00+02:00,2082.0,2082.1,2082.0,2082.1,19
2021-09-17 06:16:00+02:00,2082.2,2082.3,2082.0,2082.0,41
2021-09-17 06:17:00+02:00,2082.0,2082.0,2081.9,2082.0,33
2021-09-17 06:18:00+02:00,2082.0,2082.1,2082.0,2082.1,17
2021-09-17 06:19:00+02:00,2082.1,2082.3,2082.1,2082.2,29
2021-09-17 06:20:00+02:00,2082.2,2082.2,2082.2,2082.2,1
2021-09-17 06:21:00+02:00,2082.1,2082.2,2082.1,2082.2,9
2021-09-17 06:22:00+02:00,2082.2,2082.5,2082.2,2082.5,141
2021-09-17 06:23:00+02:00,2082.4,2082.5,2082.4,2082.4,21
2021-09-17 06:24:00+02:00,2082.4,2082.6,2082.2,2082.6,36
2021-09-17 06:25:00+02:00,2082.5,2082.5,2082.4,2082.5,13
2021-09-17 06:26:00+02:00,2082.5,2082.6,2082.4,2082.6,33
2021-09-17 06:27:00+02:00,2082.5,2082.6,2082.5,2082.5,31
2021-09-17 06:28:00+02:00,2082.6,2082.7,2082.6,2082.6,32
2021-09-17 06:29:00+02:00,2082.7,2082.8,2082.7,2082.7,36
2021-09-17 06:30:00+02:00,2082.8,2082.8,2082.7,2082.8,23
2021-09-17 06:31:00+02:00,2082.8,2082.8,2082.6,2082.6,30
2021-09-17 06:32:00+02:00,2082.7,2082.7,2082.6,2082.7,20
2021-09-17 06:33:00+02:00,2082.7,2082.7,2082.4,2082.6,38
2021-09-17 06:34:00+02:00,2082.6,2082.7,2082.5,2082.5,16
2021-09-17 06:35:00+02:00,2082.4,2082.5,2082.4,2082.5,16
2021-09-17 06:36:00+02:00,2082.4,2082.6,2082.4,2082.4,27
2021-09-17 06:37:00+02:00,2082.4,2082.6,2082.4,2082.6,13
2021-09-17 06:38:00+02:00,2082.6,2082.7,2082.5,2082.6,40
2021-09-17 06:39:00+02:00,2082.6,2082.6,2082.5,2082.6,30
2021-09-17 06:40:00+02:00,2082.7,2082.8,2082.6,2082.7,71
2021-09-17 06:41:00+02:00,2082.7,2082.9,2082.7,2082.9,27
2021-09-17 06:42:00+02:00,2082.9,2082.9,2082.7,2082.7,7
2021-09-17 06:43:00+02:00,2082.7,2082.8,2082.7,2082.8,27
2021-09-17 06:44:00+02:00,2082.8,2082.8,2082.8,2082.8,6
2021-09-17 06:45:00+02:00,2082.7,2082.8,2082.7,2082.7,13
2021-09-17 06:46:00+02:00,2082.7,2082.8,2082.7,2082.7,34
2021-09-17 06:47:00+02:00,2082.7,2082.7,2082.6,2082.7,24
2021-09-17 06:48:00+02:00,2082.8,2083.5,2082.8,2083.3,273
2021-09-17 06:49:00+02:00,2083.3,2083.4,2083.1,2083.3,100
2021-09-17 06:50:00+02:00,2083.4,2083.5,2083.2,2083.3,47
2021-09-17 06:51:00+02:00,2083.3,2083.4,2083.2,2083.3,52
2021-09-17 06:52:00+02:00,2083.3,2083.3,2083.2,2083.2,13
2021-09-17 06:53:00+02:00,2083.2,2083.4,2083.1,2083.4,44
2021-09-17 06:54:00+02:00,2083.3,2083.3,2083.2,2083.3,32
2021-09-17 06:55:00+02:00,2083.3,2083.5,2083.3,2083.4,85
2021-09-17 06:56:00+02:00,2083.4,2083.4,2083.2,2083.3,20
2021-09-17 06:57:00+02:00,2083.3,2083.8,2083.3,2083.7,201
2021-09-17 06:58:00+02:00,2083.6,2084.0,2083.5,2083.6,65
2021-09-17 06:59:00+02:00,2083.6,2083.7,2083.4,2083.6,31
2021-09-17 07:00:00+02:00,2083.7,2084.0,2083.7,2083.8,79
2021-09-17 07:01:00+02:00,2083.9,2084.1,2083.7,2083.8,157
2021-09-17 07:02:00+02:00,2083.8,2084.0,2083.8,2083.9,47
2021-09-17 07:03:00+02:00,2083.9,2084.0,2083.8,2083.8,11
2021-09-17 07:04:00+02:00,2083.8,2083.9,2083.7,2083.7,32
2021-09-17 07:05:00+02:00,2083.7,2083.7,2083.3,2083.4,69
2021-09-17 07:06:00+02:00,2083.3,2083.6,2083.3,2083.5,50
2021-09-17 07:07:00+02:00,2083.5,2083.5,2083.4,2083.5,15
2021-09-17 07:08:00+02:00,2083.6,2083.7,2083.5,2083.6,46
2021-09-17 07:09:00+02:00,2083.6,2083.7,2083.5,2083.6,22
2021-09-17 07:10:00+02:00,2083.6,2083.8,2083.5,2083.6,30
2021-09-17 07:11:00+02:00,2083.6,2083.7,2083.5,2083.6,24
2021-09-17 07:12:00+02:00,2083.6,2083.9,2083.6,2083.9,30
2021-09-17 07:13:00+02:00,2083.9,2084.0,2083.9,2083.9,38
2021-09-17 07:14:00+02:00,2083.9,2084.0,2083.7,2083.7,43
2021-09-17 07:15:00+02:00,2083.8,2083.8,2083.6,2083.8,54
2021-09-17 07:16:00+02:00,2083.9,2083.9,2083.7,2083.7,25
2021-09-17 07:17:00+02:00,2083.6,2083.6,2083.4,2083.5,25
2021-09-17 07:18:00+02:00,2083.5,2083.6,2083.2,2083.2,56
2021-09-17 07:19:00+02:00,2083.3,2084.1,2083.3,2083.9,103
2021-09-17 07:20:00+02:00,2084.1,2084.3,2083.9,2084.2,97
2021-09-17 07:21:00+02:00,2084.2,2084.2,2084.0,2084.0,47
2021-09-17 07:22:00+02:00,2083.9,2083.9,2083.5,2083.7,38
2021-09-17 07:23:00+02:00,2083.8,2083.9,2083.8,2083.8,10
2021-09-17 07:24:00+02:00,2083.8,2083.8,2083.6,2083.7,20
2021-09-17 07:25:00+02:00,2083.7,2083.9,2083.6,2083.9,10
2021-09-17 07:26:00+02:00,2083.8,2084.0,2083.8,2083.8,32
2021-09-17 07:27:00+02:00,2083.7,2083.7,2083.5,2083.7,21
2021-09-17 07:28:00+02:00,2083.7,2083.9,2083.6,2083.9,19
2021-09-17 07:29:00+02:00,2083.9,2083.9,2083.7,2083.8,34
2021-09-17 07:30:00+02:00,2083.8,2083.9,2083.6,2083.8,28
2021-09-17 07:31:00+02:00,2083.7,2084.7,2083.7,2084.3,322
2021-09-17 07:32:00+02:00,2084.2,2084.2,2083.4,2083.5,90
2021-09-17 07:33:00+02:00,2083.4,2084.1,2083.3,2084.1,40
2021-09-17 07:34:00+02:00,2084.0,2084.4,2083.9,2084.3,50
2021-09-17 07:35:00+02:00,2084.2,2084.3,2083.9,2083.9,69
2021-09-17 07:36:00+02:00,2084.0,2084.1,2083.7,2083.7,37
2021-09-17 07:37:00+02:00,2083.8,2083.8,2083.6,2083.7,75
2021-09-17 07:38:00+02:00,2083.7,2084.0,2083.7,2084.0,46
2021-09-17 07:39:00+02:00,2084.1,2084.3,2084.1,2084.3,56
2021-09-17 07:40:00+02:00,2084.3,2084.7,2084.3,2084.7,55
2021-09-17 07:41:00+02:00,2084.7,2084.7,2084.3,2084.3,85
2021-09-17 07:42:00+02:00,2084.3,2084.7,2084.2,2084.5,62
2021-09-17 07:43:00+02:00,2084.5,2085.1,2084.5,2084.9,120
2021-09-17 07:44:00+02:00,2084.8,2085.0,2084.7,2084.9,58
2021-09-17 07:45:00+02:00,2084.9,2085.1,2084.8,2084.9,33
2021-09-17 07:46:00+02:00,2084.8,2084.9,2084.7,2084.9,47
2021-09-17 07:47:00+02:00,2084.8,2085.1,2084.7,2084.8,52
2021-09-17 07:48:00+02:00,2084.7,2084.9,2084.6,2084.9,80
2021-09-17 07:49:00+02:00,2084.9,2085.1,2084.9,2085.1,60
2021-09-17 07:50:00+02:00,2085.1,2085.4,2085.1,2085.2,166
2021-09-17 07:51:00+02:00,2085.2,2085.3,2085.1,2085.3,89
2021-09-17 07:52:00+02:00,2085.3,2085.6,2085.3,2085.5,110
2021-09-17 07:53:00+02:00,2085.5,2085.6,2085.4,2085.6,30
2021-09-17 07:54:00+02:00,2085.6,2085.8,2085.5,2085.7,93
2021-09-17 07:55:00+02:00,2085.7,2085.9,2085.6,2085.9,57
2021-09-17 07:56:00+02:00,2085.9,2086.1,2085.7,2085.7,275
2021-09-17 07:57:00+02:00,2085.7,2085.8,2085.6,2085.7,101
2021-09-17 07:58:00+02:00,2085.6,2085.7,2085.5,2085.6,96
2021-09-17 07:59:00+02:00,2085.7,2086.1,2085.7,2086.1,148
2021-09-17 08:00:00+02:00,2086.0,2086.2,2086.0,2086.1,71
2021-09-17 08:01:00+02:00,2086.0,2086.2,2085.9,2086.0,154
2021-09-17 08:02:00+02:00,2086.1,2086.1,2085.6,2085.6,210
2021-09-17 08:03:00+02:00,2085.6,2086.0,2085.1,2085.3,293
2021-09-17 08:04:00+02:00,2085.2,2085.7,2084.9,2085.5,317
2021-09-17 08:05:00+02:00,2085.6,2085.8,2085.6,2085.8,52
2021-09-17 08:06:00+02:00,2085.7,2086.3,2085.6,2086.2,184
2021-09-17 08:07:00+02:00,2086.3,2086.3,2086.1,2086.1,84
2021-09-17 08:08:00+02:00,2086.2,2086.4,2086.2,2086.2,65
2021-09-17 08:09:00+02:00,2086.2,2086.4,2086.1,2086.4,93
2021-09-17 08:10:00+02:00,2086.4,2086.5,2086.2,2086.4,103
2021-09-17 08:11:00+02:00,2086.5,2086.6,2086.2,2086.3,91
2021-09-17 08:12:00+02:00,2086.3,2086.5,2086.3,2086.4,57
2021-09-17 08:13:00+02:00,2086.4,2086.5,2086.3,2086.5,63
2021-09-17 08:14:00+02:00,2086.5,2086.7,2086.5,2086.6,70
2021-09-17 08:15:00+02:00,2086.6,2086.9,2086.5,2086.5,123
2021-09-17 08:16:00+02:00,2086.5,2087.1,2086.4,2086.8,150
2021-09-17 08:17:00+02:00,2086.8,2086.8,2086.4,2086.4,76
2021-09-17 08:18:00+02:00,2086.3,2086.4,2086.1,2086.4,80
2021-09-17 08:19:00+02:00,2086.4,2086.8,2086.4,2086.7,70
2021-09-17 08:20:00+02:00,2086.8,2086.9,2086.7,2086.7,110
2021-09-17 08:21:00+02:00,2086.7,2086.9,2086.6,2086.9,49
2021-09-17 08:22:00+02:00,2086.9,2087.1,2086.8,2086.9,148
2021-09-17 08:23:00+02:00,2086.9,2087.1,2086.4,2086.5,156
2021-09-17 08:24:00+02:00,2086.6,2087.1,2086.5,2086.9,156
2021-09-17 08:25:00+02:00,2087.0,2087.0,2086.8,2086.9,65
2021-09-17 08:26:00+02:00,2086.9,2086.9,2086.3,2086.4,148
2021-09-17 08:27:00+02:00,2086.3,2086.5,2086.0,2086.4,126
2021-09-17 08:28:00+02:00,2086.4,2086.4,2086.1,2086.2,63
2021-09-17 08:29:00+02:00,2086.3,2086.3,2086.0,2086.0,50
2021-09-17 08:30:00+02:00,2086.1,2086.1,2086.0,2086.0,36
2021-09-17 08:31:00+02:00,2086.0,2086.7,2085.9,2086.5,219
2021-09-17 08:32:00+02:00,2086.5,2087.0,2086.5,2087.0,88
2021-09-17 08:33:00+02:00,2087.0,2088.0,2087.0,2087.8,342
2021-09-17 08:34:00+02:00,2087.9,2088.1,2087.5,2087.5,362
2021-09-17 08:35:00+02:00,2087.6,2088.2,2087.5,2088.2,150
2021-09-17 08:36:00+02:00,2088.1,2088.2,2087.8,2088.2,116
2021-09-17 08:37:00+02:00,2088.1,2088.6,2088.1,2088.3,240
2021-09-17 08:38:00+02:00,2088.2,2088.5,2088.1,2088.2,167
2021-09-17 08:39:00+02:00,2088.2,2088.7,2088.2,2088.7,109
2021-09-17 08:40:00+02:00,2088.6,2088.9,2088.4,2088.8,189
2021-09-17 08:41:00+02:00,2088.8,2088.9,2088.4,2088.5,130
2021-09-17 08:42:00+02:00,2088.5,2088.6,2088.2,2088.2,64
2021-09-17 08:43:00+02:00,2088.2,2088.3,2088.0,2088.2,116
2021-09-17 08:44:00+02:00,2088.1,2088.8,2088.1,2088.5,143
2021-09-17 08:45:00+02:00,2088.6,2088.8,2087.8,2087.8,168
2021-09-17 08:46:00+02:00,2087.9,2088.5,2087.9,2088.1,112
2021-09-17 08:47:00+02:00,2088.1,2088.5,2087.9,2088.0,114
2021-09-17 08:48:00+02:00,2088.0,2088.1,2087.5,2087.6,94
2021-09-17 08:49:00+02:00,2087.7,2087.7,2087.0,2087.0,313
2021-09-17 08:50:00+02:00,2087.1,2087.1,2086.5,2086.6,214
2021-09-17 08:51:00+02:00,2086.5,2087.3,2086.5,2086.9,156
2021-09-17 08:52:00+02:00,2086.8,2087.6,2086.8,2087.4,149
2021-09-17 08:53:00+02:00,2087.3,2087.4,2087.0,2087.0,69
2021-09-17 08:54:00+02:00,2086.9,2087.4,2086.8,2087.0,150
2021-09-17 08:55:00+02:00,2087.0,2087.0,2086.7,2086.8,68
2021-09-17 08:56:00+02:00,2086.9,2087.5,2086.8,2087.3,82
2021-09-17 08:57:00+02:00,2087.2,2087.4,2087.1,2087.2,92
2021-09-17 08:58:00+02:00,2087.2,2087.4,2086.9,2086.9,82
2021-09-17 08:59:00+02:00,2086.9,2087.0,2086.7,2086.8,54
2021-09-17 09:00:00+02:00,2086.9,2087.0,2086.5,2086.6,82
2021-09-17 09:01:00+02:00,2086.7,2087.2,2086.7,2086.7,193
2021-09-17 09:02:00+02:00,2086.7,2086.8,2085.8,2085.8,262
2021-09-17 09:03:00+02:00,2085.8,2086.0,2085.6,2085.8,204
2021-09-17 09:04:00+02:00,2085.8,2086.0,2085.4,2085.5,197
2021-09-17 09:05:00+02:00,2085.5,2086.2,2085.4,2086.1,174
2021-09-17 09:06:00+02:00,2086.2,2086.3,2085.8,2085.9,116
2021-09-17 09:07:00+02:00,2085.9,2086.4,2085.4,2086.4,266
2021-09-17 09:08:00+02:00,2086.3,2086.5,2086.1,2086.5,129
2021-09-17 09:09:00+02:00,2086.4,2086.6,2086.2,2086.3,127
2021-09-17 09:10:00+02:00,2086.2,2086.7,2086.2,2086.7,148
2021-09-17 09:11:00+02:00,2086.7,2087.2,2086.6,2086.8,98
2021-09-17 09:12:00+02:00,2086.7,2087.0,2086.5,2086.8,190
2021-09-17 09:13:00+02:00,2086.8,2087.1,2086.1,2086.4,355
2021-09-17 09:14:00+02:00,2086.4,2086.7,2086.2,2086.4,183
2021-09-17 09:15:00+02:00,2086.3,2086.4,2086.1,2086.1,81
2021-09-17 09:16:00+02:00,2086.0,2086.4,2085.7,2085.8,149
2021-09-17 09:17:00+02:00,2085.7,2086.0,2085.5,2085.9,195
2021-09-17 09:18:00+02:00,2086.0,2086.3,2085.8,2085.8,146
2021-09-17 09:19:00+02:00,2085.8,2086.0,2085.7,2086.0,211
2021-09-17 09:20:00+02:00,2086.0,2086.1,2085.6,2086.0,98
2021-09-17 09:21:00+02:00,2086.0,2086.4,2085.9,2086.4,160
2021-09-17 09:22:00+02:00,2086.4,2086.6,2086.3,2086.5,122
2021-09-17 09:23:00+02:00,2086.6,2086.8,2086.4,2086.4,110
2021-09-17 09:24:00+02:00,2086.5,2087.2,2086.5,2087.2,116
2021-09-17 09:25:00+02:00,2087.3,2087.5,2086.9,2087.0,158
2021-09-17 09:26:00+02:00,2087.1,2087.1,2086.7,2086.7,116
2021-09-17 09:27:00+02:00,2086.7,2087.0,2086.7,2086.7,59
2021-09-17 09:28:00+02:00,2086.7,2087.0,2086.7,2087.0,44
2021-09-17 09:29:00+02:00,2087.0,2087.5,2087.0,2087.2,74
2021-09-17 09:30:00+02:00,2087.3,2087.5,2087.0,2087.2,154
2021-09-17 09:31:00+02:00,2087.2,2087.3,2086.8,2087.1,62
2021-09-17 09:32:00+02:00,2087.1,2087.2,2086.5,2086.6,65
2021-09-17 09:33:00+02:00,2086.7,2086.7,2086.1,2086.2,89
2021-09-17 09:34:00+02:00,2086.3,2086.4,2085.8,2085.9,81
2021-09-17 09:35:00+02:00,2085.8,2086.0,2085.8,2085.9,58
2021-09-17 09:36:00+02:00,2085.7,2086.1,2085.6,2086.0,93
2021-09-17 09:37:00+02:00,2086.0,2086.0,2085.2,2085.4,184
2021-09-17 09:38:00+02:00,2085.4,2085.5,2084.6,2084.9,344
2021-09-17 09:39:00+02:00,2084.9,2085.0,2084.6,2084.9,144
2021-09-17 09:40:00+02:00,2084.9,2085.1,2084.7,2084.7,48
2021-09-17 09:41:00+02:00,2084.8,2085.1,2084.7,2084.9,75
2021-09-17 09:42:00+02:00,2085.0,2085.1,2084.9,2084.9,44
2021-09-17 09:43:00+02:00,2084.8,2084.9,2084.2,2084.4,178
2021-09-17 09:44:00+02:00,2084.5,2084.5,2084.1,2084.3,101
2021-09-17 09:45:00+02:00,2084.3,2084.5,2084.2,2084.4,52
2021-09-17 09:46:00+02:00,2084.3,2084.6,2084.3,2084.3,53
2021-09-17 09:47:00+02:00,2084.3,2084.4,2084.2,2084.2,76
2021-09-17 09:48:00+02:00,2084.3,2084.5,2084.2,2084.5,80
2021-09-17 09:49:00+02:00,2084.5,2084.7,2084.5,2084.7,85
2021-09-17 09:50:00+02:00,2084.6,2084.7,2084.5,2084.5,124
2021-09-17 09:51:00+02:00,2084.5,2084.6,2083.9,2083.9,267
2021-09-17 09:52:00+02:00,2084.0,2084.1,2084.0,2084.0,162
2021-09-17 09:53:00+02:00,2084.1,2084.2,2083.9,2083.9,154
2021-09-17 09:54:00+02:00,2083.9,2084.1,2083.6,2083.7,145
2021-09-17 09:55:00+02:00,2083.7,2083.8,2083.5,2083.5,138
2021-09-17 09:56:00+02:00,2083.6,2083.7,2083.2,2083.6,256
2021-09-17 09:57:00+02:00,2083.7,2084.4,2083.6,2084.4,122
2021-09-17 09:58:00+02:00,2084.3,2084.8,2084.3,2084.4,222
2021-09-17 09:59:00+02:00,2084.5,2084.8,2084.3,2084.7,126
2021-09-17 10:00:00+02:00,2084.8,2084.9,2084.7,2084.7,49
2021-09-17 10:01:00+02:00,2084.7,2084.8,2084.3,2084.4,123
2021-09-17 10:02:00+02:00,2084.6,2084.8,2084.5,2084.8,63
2021-09-17 10:03:00+02:00,2084.9,2085.0,2084.7,2084.9,77
2021-09-17 10:04:00+02:00,2085.0,2085.1,2084.8,2084.9,168
2021-09-17 10:05:00+02:00,2084.9,2085.0,2084.8,2084.9,40
2021-09-17 10:06:00+02:00,2084.8,2085.0,2084.7,2084.9,71
2021-09-17 10:07:00+02:00,2085.0,2085.1,2084.7,2084.8,52
2021-09-17 10:08:00+02:00,2084.9,2085.2,2084.9,2085.1,133
2021-09-17 10:09:00+02:00,2085.1,2085.5,2085.0,2085.3,95
2021-09-17 10:10:00+02:00,2085.2,2085.3,2084.7,2084.9,48
2021-09-17 10:11:00+02:00,2084.8,2084.9,2084.8,2084.8,15
2021-09-17 10:12:00+02:00,2084.9,2085.0,2084.8,2084.8,50
2021-09-17 10:13:00+02:00,2084.8,2084.9,2084.7,2084.8,55
2021-09-17 10:14:00+02:00,2084.8,2085.4,2084.8,2085.4,70
2021-09-17 10:15:00+02:00,2085.4,2085.6,2085.2,2085.2,62
2021-09-17 10:16:00+02:00,2085.3,2085.4,2085.2,2085.2,51
2021-09-17 10:17:00+02:00,2085.3,2085.4,2085.1,2085.2,83
2021-09-17 10:18:00+02:00,2085.3,2085.3,2085.1,2085.1,66
2021-09-17 10:19:00+02:00,2085.1,2085.3,2085.0,2085.3,108
2021-09-17 10:20:00+02:00,2085.2,2085.2,2085.1,2085.2,39
2021-09-17 10:21:00+02:00,2085.2,2085.6,2085.2,2085.6,90
2021-09-17 10:22:00+02:00,2085.6,2085.6,2085.3,2085.4,49
2021-09-17 10:23:00+02:00,2085.4,2085.5,2085.3,2085.3,26
2021-09-17 10:24:00+02:00,2085.3,2085.3,2085.1,2085.2,49
2021-09-17 10:25:00+02:00,2085.2,2085.2,2084.9,2085.1,83
2021-09-17 10:26:00+02:00,2085.0,2085.1,2084.8,2084.8,63
2021-09-17 10:27:00+02:00,2084.8,2085.4,2084.8,2085.2,98
2021-09-17 10:28:00+02:00,2085.3,2085.9,2085.2,2085.8,168
2021-09-17 10:29:00+02:00,2085.8,2086.4,2085.8,2086.2,125
2021-09-17 10:30:00+02:00,2086.2,2086.2,2085.7,2085.7,82
2021-09-17 10:31:00+02:00,2085.7,2086.6,2085.7,2086.4,227
2021-09-17 10:32:00+02:00,2086.4,2086.7,2085.8,2085.8,101
2021-09-17 10:33:00+02:00,2085.7,2085.8,2085.4,2085.7,61
2021-09-17 10:34:00+02:00,2085.7,2085.8,2085.2,2085.4,123
2021-09-17 10:35:00+02:00,2085.5,2085.5,2085.2,2085.4,66
2021-09-17 10:36:00+02:00,2085.4,2086.1,2085.4,2086.0,64
2021-09-17 10:37:00+02:00,2086.1,2086.6,2086.1,2086.4,65
2021-09-17 10:38:00+02:00,2086.3,2088.3,2086.3,2087.9,497
2021-09-17 10:39:00+02:00,2087.9,2088.5,2087.3,2087.3,568
2021-09-17 10:40:00+02:00,2087.3,2087.3,2086.7,2087.2,115
2021-09-17 10:41:00+02:00,2087.3,2087.3,2086.7,2087.0,75
2021-09-17 10:42:00+02:00,2087.0,2087.4,2086.8,2087.3,86
2021-09-17 10:43:00+02:00,2087.3,2088.2,2087.3,2088.1,212
2021-09-17 10:44:00+02:00,2088.3,2088.5,2087.7,2087.8,278
2021-09-17 10:45:00+02:00,2087.9,2087.9,2087.2,2087.5,90
2021-09-17 10:46:00+02:00,2087.4,2089.0,2087.4,2088.4,299
2021-09-17 10:47:00+02:00,2088.4,2088.5,2088.1,2088.2,68
2021-09-17 10:48:00+02:00,2088.2,2088.6,2088.1,2088.3,81
2021-09-17 10:49:00+02:00,2088.4,2088.5,2087.9,2087.9,69
2021-09-17 10:50:00+02:00,2087.8,2088.0,2087.7,2087.7,103
2021-09-17 10:51:00+02:00,2087.6,2088.2,2087.5,2088.1,109
2021-09-17 10:52:00+02:00,2088.2,2088.4,2088.2,2088.2,52
2021-09-17 10:53:00+02:00,2088.3,2088.4,2088.2,2088.2,26
2021-09-17 10:54:00+02:00,2088.1,2088.5,2088.1,2088.4,33
2021-09-17 10:55:00+02:00,2088.3,2088.4,2088.2,2088.4,45
2021-09-17 10:56:00+02:00,2088.2,2088.4,2088.1,2088.4,53
2021-09-17 10:57:00+02:00,2088.4,2088.8,2088.4,2088.7,99
2021-09-17 10:58:00+02:00,2088.6,2088.9,2088.4,2088.5,71
2021-09-17 10:59:00+02:00,2088.6,2088.9,2088.5,2088.8,58
2021-09-17 11:00:00+02:00,2088.8,2089.4,2088.8,2089.0,132
2021-09-17 11:01:00+02:00,2089.1,2090.1,2089.1,2089.6,383
2021-09-17 11:02:00+02:00,2089.8,2090.0,2089.6,2089.6,197
2021-09-17 11:03:00+02:00,2089.6,2090.1,2089.4,2089.8,346
2021-09-17 11:04:00+02:00,2089.9,2089.9,2089.4,2089.4,59
2021-09-17 11:05:00+02:00,2089.5,2089.5,2089.1,2089.1,51
2021-09-17 11:06:00+02:00,2089.1,2089.2,2088.8,2088.8,72
2021-09-17 11:07:00+02:00,2088.8,2089.0,2088.6,2088.6,84
2021-09-17 11:08:00+02:00,2088.6,2088.8,2088.5,2088.7,46
2021-09-17 11:09:00+02:00,2088.6,2088.8,2088.4,2088.8,74
2021-09-17 11:10:00+02:00,2088.7,2088.9,2088.4,2088.4,68
2021-09-17 11:11:00+02:00,2088.3,2088.5,2088.0,2088.3,139
2021-09-17 11:12:00+02:00,2088.3,2088.6,2088.3,2088.6,103
2021-09-17 11:13:00+02:00,2088.6,2089.2,2088.6,2088.9,88
2021-09-17 11:14:00+02:00,2088.8,2089.2,2088.7,2089.1,69
2021-09-17 11:15:00+02:00,2089.1,2089.4,2089.0,2089.4,68
2021-09-17 11:16:00+02:00,2089.4,2089.8,2089.3,2089.5,104
2021-09-17 11:17:00+02:00,2089.5,2089.6,2089.2,2089.3,66
2021-09-17 11:18:00+02:00,2089.3,2089.3,2089.0,2089.1,40
2021-09-17 11:19:00+02:00,2089.0,2089.1,2088.7,2088.8,92
2021-09-17 11:20:00+02:00,2088.9,2088.9,2088.5,2088.6,94
2021-09-17 11:21:00+02:00,2088.7,2089.2,2088.7,2088.9,64
2021-09-17 11:22:00+02:00,2089.0,2089.3,2089.0,2089.1,89
2021-09-17 11:23:00+02:00,2088.9,2089.2,2088.9,2089.0,47
2021-09-17 11:24:00+02:00,2089.0,2089.2,2089.0,2089.1,20
2021-09-17 11:25:00+02:00,2089.1,2089.3,2089.1,2089.2,24
2021-09-17 11:26:00+02:00,2089.2,2089.2,2089.0,2089.1,30
2021-09-17 11:27:00+02:00,2089.2,2089.2,2088.7,2088.8,43
2021-09-17 11:28:00+02:00,2088.9,2089.2,2088.9,2088.9,88
2021-09-17 11:29:00+02:00,2088.9,2089.0,2088.7,2088.8,36
2021-09-17 11:30:00+02:00,2088.7,2088.8,2087.8,2087.9,202
2021-09-17 11:31:00+02:00,2087.9,2088.8,2087.8,2088.6,239
2021-09-17 11:32:00+02:00,2088.7,2089.1,2088.7,2089.1,76
2021-09-17 11:33:00+02:00,2089.1,2089.1,2088.7,2088.8,51
2021-09-17 11:34:00+02:00,2088.8,2089.0,2088.8,2088.9,53
2021-09-17 11:35:00+02:00,2088.9,2089.0,2088.9,2089.0,30
2021-09-17 11:36:00+02:00,2089.0,2089.2,2088.9,2089.2,48
2021-09-17 11:37:00+02:00,2089.2,2089.3,2089.1,2089.2,13
2021-09-17 11:38:00+02:00,2089.1,2089.2,2089.1,2089.2,23
2021-09-17 11:39:00+02:00,2089.2,2089.3,2089.1,2089.1,50
2021-09-17 11:40:00+02:00,2089.2,2089.2,2088.6,2088.6,63
2021-09-17 11:41:00+02:00,2088.7,2089.0,2088.7,2088.9,50
2021-09-17 11:42:00+02:00,2089.0,2089.1,2088.7,2088.7,19
2021-09-17 11:43:00+02:00,2088.7,2088.7,2088.5,2088.5,38
2021-09-17 11:44:00+02:00,2088.4,2088.8,2088.3,2088.5,109
2021-09-17 11:45:00+02:00,2088.6,2088.8,2088.4,2088.4,44
2021-09-17 11:46:00+02:00,2088.5,2088.6,2088.4,2088.6,16
2021-09-17 11:47:00+02:00,2088.7,2088.8,2088.7,2088.7,35
2021-09-17 11:48:00+02:00,2088.7,2088.7,2088.6,2088.6,20
2021-09-17 11:49:00+02:00,2088.5,2088.5,2088.3,2088.4,62
2021-09-17 11:50:00+02:00,2088.4,2088.8,2088.4,2088.7,42
2021-09-17 11:51:00+02:00,2088.7,2088.9,2088.7,2088.8,45
2021-09-17 11:52:00+02:00,2088.7,2089.0,2088.7,2089.0,52
2021-09-17 11:53:00+02:00,2089.0,2089.1,2089.0,2089.1,21
2021-09-17 11:54:00+02:00,2089.1,2089.4,2089.0,2089.3,33
2021-09-17 11:55:00+02:00,2089.3,2090.7,2089.3,2090.7,496
2021-09-17 11:56:00+02:00,2090.8,2090.8,2090.0,2090.0,248
2021-09-17 11:57:00+02:00,2090.0,2090.3,2089.6,2089.6,78
2021-09-17 11:58:00+02:00,2089.5,2089.7,2089.3,2089.4,81
2021-09-17 11:59:00+02:00,2089.3,2089.8,2089.3,2089.7,32
2021-09-17 12:00:00+02:00,2089.7,2089.9,2089.5,2089.5,40
2021-09-17 12:01:00+02:00,2089.5,2090.4,2089.5,2090.0,225
2021-09-17 12:02:00+02:00,2090.0,2090.3,2089.9,2090.0,84
2021-09-17 12:03:00+02:00,2090.1,2090.3,2089.8,2089.8,113
2021-09-17 12:04:00+02:00,2089.8,2089.8,2089.3,2089.3,74
2021-09-17 12:05:00+02:00,2089.4,2089.4,2088.7,2089.1,329
2021-09-17 12:06:00+02:00,2089.1,2089.3,2089.0,2089.2,57
2021-09-17 12:07:00+02:00,2089.3,2089.4,2088.8,2088.9,69
2021-09-17 12:08:00+02:00,2089.0,2089.2,2088.2,2088.8,189
2021-09-17 12:09:00+02:00,2088.8,2089.0,2088.8,2088.9,35
2021-09-17 12:10:00+02:00,2089.0,2089.0,2088.6,2088.7,68
2021-09-17 12:11:00+02:00,2088.7,2088.9,2088.4,2088.8,52
2021-09-17 12:12:00+02:00,2088.8,2089.0,2088.3,2088.3,85
2021-09-17 12:13:00+02:00,2088.4,2088.6,2088.4,2088.4,54
2021-09-17 12:14:00+02:00,2088.3,2088.5,2088.3,2088.5,41
2021-09-17 12:15:00+02:00,2088.6,2088.8,2088.4,2088.7,49
2021-09-17 12:16:00+02:00,2088.7,2088.9,2088.0,2088.4,197
2021-09-17 12:17:00+02:00,2088.4,2088.7,2088.3,2088.3,46
2021-09-17 12:18:00+02:00,2088.3,2088.6,2088.3,2088.6,29
2021-09-17 12:19:00+02:00,2088.6,2088.8,2088.5,2088.6,28
2021-09-17 12:20:00+02:00,2088.6,2088.8,2088.6,2088.6,48
2021-09-17 12:21:00+02:00,2088.6,2088.6,2087.5,2087.9,186
2021-09-17 12:22:00+02:00,2088.0,2088.1,2087.9,2088.1,118
2021-09-17 12:23:00+02:00,2088.2,2088.2,2088.1,2088.1,39
2021-09-17 12:24:00+02:00,2088.1,2088.2,2088.1,2088.2,38
2021-09-17 12:25:00+02:00,2088.1,2088.2,2087.9,2088.0,32
2021-09-17 12:26:00+02:00,2087.9,2088.1,2087.8,2087.9,44
2021-09-17 12:27:00+02:00,2087.8,2088.0,2087.6,2087.6,89
2021-09-17 12:28:00+02:00,2087.7,2087.7,2087.2,2087.5,112
2021-09-17 12:29:00+02:00,2087.6,2087.9,2087.5,2087.9,79
2021-09-17 12:30:00+02:00,2087.9,2087.9,2087.9,2087.9,29
2021-09-17 12:31:00+02:00,2088.0,2088.1,2087.8,2087.9,58
2021-09-17 12:32:00+02:00,2087.9,2088.0,2087.5,2087.5,68
2021-09-17 12:33:00+02:00,2087.5,2087.6,2087.4,2087.4,34
2021-09-17 12:34:00+02:00,2087.4,2087.5,2087.3,2087.3,61
2021-09-17 12:35:00+02:00,2087.4,2087.5,2087.1,2087.2,60
2021-09-17 12:36:00+02:00,2087.2,2087.6,2087.2,2087.4,109
2021-09-17 12:37:00+02:00,2087.4,2087.6,2087.4,2087.6,41
2021-09-17 12:38:00+02:00,2087.5,2087.6,2087.3,2087.5,44
2021-09-17 12:39:00+02:00,2087.5,2087.7,2087.3,2087.6,68
2021-09-17 12:40:00+02:00,2087.6,2087.6,2087.0,2087.0,34
2021-09-17 12:41:00+02:00,2087.0,2087.3,2086.9,2087.2,70
2021-09-17 12:42:00+02:00,2087.2,2087.3,2087.1,2087.1,31
2021-09-17 12:43:00+02:00,2087.1,2087.1,2086.3,2086.5,291
2021-09-17 12:44:00+02:00,2086.5,2086.7,2085.9,2086.2,183
2021-09-17 12:45:00+02:00,2086.1,2086.3,2085.2,2085.9,281
2021-09-17 12:46:00+02:00,2086.0,2086.4,2085.2,2085.7,215
2021-09-17 12:47:00+02:00,2085.8,2086.0,2085.8,2085.9,29
2021-09-17 12:48:00+02:00,2085.8,2085.8,2085.0,2085.5,237
2021-09-17 12:49:00+02:00,2085.5,2085.6,2085.4,2085.4,35
2021-09-17 12:50:00+02:00,2085.4,2085.5,2085.2,2085.5,43
2021-09-17 12:51:00+02:00,2085.6,2085.7,2085.4,2085.5,72
2021-09-17 12:52:00+02:00,2085.6,2085.8,2085.5,2085.7,75
2021-09-17 12:53:00+02:00,2085.8,2086.2,2085.6,2085.7,99
2021-09-17 12:54:00+02:00,2085.6,2086.0,2085.6,2086.0,69
2021-09-17 12:55:00+02:00,2086.0,2086.5,2086.0,2086.3,60
2021-09-17 12:56:00+02:00,2086.4,2086.5,2086.1,2086.3,177
2021-09-17 12:57:00+02:00,2086.2,2086.3,2085.0,2085.1,228
2021-09-17 12:58:00+02:00,2085.1,2085.2,2084.7,2084.9,152
2021-09-17 12:59:00+02:00,2085.0,2085.3,2085.0,2085.0,47
2021-09-17 13:00:00+02:00,2085.1,2085.3,2084.9,2084.9,72
2021-09-17 13:01:00+02:00,2084.9,2085.0,2084.7,2084.9,92
2021-09-17 13:02:00+02:00,2084.8,2084.8,2083.6,2083.8,405
2021-09-17 13:03:00+02:00,2083.8,2084.5,2083.7,2084.1,121
2021-09-17 13:04:00+02:00,2084.1,2084.4,2083.6,2083.7,159
2021-09-17 13:05:00+02:00,2083.7,2083.8,2083.1,2083.7,167
2021-09-17 13:06:00+02:00,2083.8,2084.5,2083.2,2084.4,279
2021-09-17 13:07:00+02:00,2084.4,2084.4,2084.0,2084.3,53
2021-09-17 13:08:00+02:00,2084.3,2084.3,2084.0,2084.0,79
2021-09-17 13:09:00+02:00,2084.0,2084.4,2084.0,2084.2,88
2021-09-17 13:10:00+02:00,2084.3,2084.6,2084.3,2084.4,67
2021-09-17 13:11:00+02:00,2084.5,2084.8,2084.4,2084.7,69
2021-09-17 13:12:00+02:00,2084.7,2084.9,2084.7,2084.7,28
2021-09-17 13:13:00+02:00,2084.6,2085.0,2084.6,2084.8,101
2021-09-17 13:14:00+02:00,2084.7,2084.7,2084.4,2084.7,61
2021-09-17 13:15:00+02:00,2084.7,2084.7,2084.3,2084.3,50
2021-09-17 13:16:00+02:00,2084.2,2084.6,2084.1,2084.1,65
2021-09-17 13:17:00+02:00,2084.3,2084.5,2084.0,2084.1,39
2021-09-17 13:18:00+02:00,2084.1,2084.6,2084.0,2084.5,78
2021-09-17 13:19:00+02:00,2084.4,2084.7,2084.2,2084.7,57
2021-09-17 13:20:00+02:00,2084.6,2084.7,2084.4,2084.4,90
2021-09-17 13:21:00+02:00,2084.4,2084.7,2084.1,2084.6,69
2021-09-17 13:22:00+02:00,2084.5,2084.6,2084.3,2084.5,54
2021-09-17 13:23:00+02:00,2084.4,2084.6,2084.2,2084.6,48
2021-09-17 13:24:00+02:00,2084.5,2084.9,2084.4,2084.7,97
2021-09-17 13:25:00+02:00,2084.7,2084.7,2084.4,2084.5,36
2021-09-17 13:26:00+02:00,2084.5,2084.6,2084.5,2084.6,17
2021-09-17 13:27:00+02:00,2084.6,2084.6,2084.3,2084.3,20
2021-09-17 13:28:00+02:00,2084.2,2084.2,2083.7,2083.7,93
2021-09-17 13:29:00+02:00,2083.6,2083.8,2083.5,2083.7,37
2021-09-17 13:30:00+02:00,2083.7,2083.8,2083.6,2083.7,29
2021-09-17 13:31:00+02:00,2083.7,2084.1,2083.7,2084.1,96
2021-09-17 13:32:00+02:00,2084.0,2084.1,2083.7,2083.7,28
2021-09-17 13:33:00+02:00,2083.7,2083.8,2082.7,2082.7,350
2021-09-17 13:34:00+02:00,2082.7,2082.8,2082.6,2082.6,100
2021-09-17 13:35:00+02:00,2082.7,2083.9,2082.6,2083.2,257
2021-09-17 13:36:00+02:00,2083.2,2083.4,2082.1,2082.5,271
2021-09-17 13:37:00+02:00,2082.6,2083.0,2082.6,2082.8,98
2021-09-17 13:38:00+02:00,2082.7,2082.8,2082.6,2082.6,60
2021-09-17 13:39:00+02:00,2082.7,2083.0,2082.6,2082.8,38
2021-09-17 13:40:00+02:00,2082.8,2083.3,2082.8,2083.0,137
2021-09-17 13:41:00+02:00,2082.9,2083.4,2082.9,2083.0,57
2021-09-17 13:42:00+02:00,2082.9,2082.9,2082.4,2082.5,100
2021-09-17 13:43:00+02:00,2082.4,2082.8,2082.3,2082.8,51
2021-09-17 13:44:00+02:00,2082.7,2082.9,2082.6,2082.8,61
2021-09-17 13:45:00+02:00,2082.9,2082.9,2082.0,2082.1,269
2021-09-17 13:46:00+02:00,2082.0,2082.4,2081.9,2082.3,196
2021-09-17 13:47:00+02:00,2082.4,2082.6,2082.1,2082.5,79
2021-09-17 13:48:00+02:00,2082.5,2082.9,2082.5,2082.9,64
2021-09-17 13:49:00+02:00,2082.9,2082.9,2082.7,2082.7,109
2021-09-17 13:50:00+02:00,2082.8,2082.8,2082.6,2082.7,101
2021-09-17 13:51:00+02:00,2082.8,2082.8,2082.6,2082.7,57
2021-09-17 13:52:00+02:00,2082.7,2082.8,2082.5,2082.6,119
2021-09-17 13:53:00+02:00,2082.6,2082.7,2082.1,2082.1,94
2021-09-17 13:54:00+02:00,2082.1,2082.2,2081.3,2081.7,562
2021-09-17 13:55:00+02:00,2081.8,2082.8,2081.8,2082.7,244
2021-09-17 13:56:00+02:00,2082.7,2082.7,2081.9,2081.9,182
2021-09-17 13:57:00+02:00,2081.8,2082.1,2081.8,2081.9,100
2021-09-17 13:58:00+02:00,2082.0,2082.3,2082.0,2082.2,59
2021-09-17 13:59:00+02:00,2082.2,2082.8,2082.2,2082.7,107
2021-09-17 14:00:00+02:00,2082.7,2083.2,2082.7,2083.2,199
2021-09-17 14:01:00+02:00,2083.1,2083.2,2082.5,2082.8,218
2021-09-17 14:02:00+02:00,2082.8,2083.2,2082.2,2082.5,221
2021-09-17 14:03:00+02:00,2082.6,2083.2,2082.6,2083.0,139
2021-09-17 14:04:00+02:00,2083.1,2083.7,2083.1,2083.2,244
2021-09-17 14:05:00+02:00,2083.3,2083.4,2082.3,2082.6,148
2021-09-17 14:06:00+02:00,2082.6,2082.9,2082.4,2082.5,134
2021-09-17 14:07:00+02:00,2082.6,2082.6,2081.9,2081.9,249
2021-09-17 14:08:00+02:00,2081.9,2082.0,2081.5,2081.7,134
2021-09-17 14:09:00+02:00,2081.7,2081.7,2081.1,2081.5,179
2021-09-17 14:10:00+02:00,2081.5,2081.8,2081.3,2081.3,82
2021-09-17 14:11:00+02:00,2081.3,2082.2,2081.3,2082.2,154
2021-09-17 14:12:00+02:00,2082.3,2082.4,2081.6,2082.0,108
2021-09-17 14:13:00+02:00,2082.0,2082.3,2081.9,2082.1,58
2021-09-17 14:14:00+02:00,2082.1,2082.1,2081.7,2082.0,82
2021-09-17 14:15:00+02:00,2082.0,2082.1,2081.3,2081.4,227
2021-09-17 14:16:00+02:00,2081.5,2082.7,2081.5,2082.7,150
2021-09-17 14:17:00+02:00,2082.7,2083.6,2082.6,2083.5,210
2021-09-17 14:18:00+02:00,2083.5,2083.9,2083.1,2083.8,219
2021-09-17 14:19:00+02:00,2083.8,2084.8,2083.6,2084.0,391
2021-09-17 14:20:00+02:00,2084.0,2084.4,2083.1,2084.3,554
2021-09-17 14:21:00+02:00,2084.1,2084.2,2082.9,2083.2,390
2021-09-17 14:22:00+02:00,2083.3,2084.7,2083.3,2084.3,283
2021-09-17 14:23:00+02:00,2084.3,2085.7,2084.2,2085.6,468
2021-09-17 14:24:00+02:00,2085.6,2085.7,2084.9,2085.3,382
2021-09-17 14:25:00+02:00,2085.2,2086.3,2084.9,2086.1,290
2021-09-17 14:26:00+02:00,2086.0,2086.6,2085.5,2086.4,421
2021-09-17 14:27:00+02:00,2086.2,2086.9,2085.9,2086.6,246
2021-09-17 14:28:00+02:00,2086.6,2086.7,2085.6,2085.6,140
2021-09-17 14:29:00+02:00,2085.6,2085.7,2085.2,2085.7,146
2021-09-17 14:30:00+02:00,2085.7,2085.9,2085.2,2085.3,141
2021-09-17 14:31:00+02:00,2085.4,2085.5,2084.2,2084.2,389
2021-09-17 14:32:00+02:00,2084.4,2084.5,2083.4,2083.6,362
2021-09-17 14:33:00+02:00,2083.6,2084.0,2082.3,2082.4,514
2021-09-17 14:34:00+02:00,2082.5,2083.1,2082.4,2082.8,362
2021-09-17 14:35:00+02:00,2082.9,2083.1,2082.0,2082.1,294
2021-09-17 14:36:00+02:00,2082.1,2083.2,2082.1,2083.0,357
2021-09-17 14:37:00+02:00,2082.9,2082.9,2082.2,2082.3,325
2021-09-17 14:38:00+02:00,2082.3,2082.4,2081.7,2081.8,326
2021-09-17 14:39:00+02:00,2081.9,2082.8,2081.4,2081.6,372
2021-09-17 14:40:00+02:00,2081.5,2081.5,2080.7,2080.8,507
2021-09-17 14:41:00+02:00,2080.9,2081.4,2080.1,2080.2,438
2021-09-17 14:42:00+02:00,2080.2,2081.1,2079.9,2080.6,529
2021-09-17 14:43:00+02:00,2080.6,2081.3,2080.6,2080.6,335
2021-09-17 14:44:00+02:00,2080.5,2081.4,2080.4,2081.3,299
2021-09-17 14:45:00+02:00,2081.3,2081.4,2080.3,2080.6,251
2021-09-17 14:46:00+02:00,2080.6,2081.1,2080.5,2080.7,316
2021-09-17 14:47:00+02:00,2080.6,2081.0,2080.4,2080.8,369
2021-09-17 14:48:00+02:00,2080.9,2081.3,2080.4,2080.6,374
2021-09-17 14:49:00+02:00,2080.5,2080.5,2079.6,2080.2,361
2021-09-17 14:50:00+02:00,2080.3,2080.3,2078.7,2078.9,980
2021-09-17 14:51:00+02:00,2078.8,2078.8,2078.0,2078.5,555
2021-09-17 14:52:00+02:00,2078.5,2079.3,2078.5,2079.2,276
2021-09-17 14:53:00+02:00,2079.3,2079.3,2078.8,2078.8,215
2021-09-17 14:54:00+02:00,2078.8,2078.9,2078.1,2078.2,157
2021-09-17 14:55:00+02:00,2078.2,2078.2,2077.2,2077.4,913
2021-09-17 14:56:00+02:00,2077.5,2077.9,2077.1,2077.2,549
2021-09-17 14:57:00+02:00,2077.2,2078.0,2077.2,2077.8,353
2021-09-17 14:58:00+02:00,2077.9,2078.0,2076.3,2076.5,600
2021-09-17 14:59:00+02:00,2076.4,2077.3,2076.2,2076.4,450
2021-09-17 15:00:00+02:00,2076.5,2076.7,2075.9,2076.2,335
2021-09-17 15:01:00+02:00,2076.1,2076.7,2075.6,2075.9,467
2021-09-17 15:02:00+02:00,2075.9,2076.4,2074.8,2075.5,985
2021-09-17 15:03:00+02:00,2075.5,2076.2,2074.5,2074.8,743
2021-09-17 15:04:00+02:00,2074.7,2077.0,2074.7,2076.9,690
2021-09-17 15:05:00+02:00,2076.9,2076.9,2075.5,2076.0,393
2021-09-17 15:06:00+02:00,2076.1,2077.8,2076.0,2077.6,555
2021-09-17 15:07:00+02:00,2077.7,2078.2,2077.1,2078.0,579
2021-09-17 15:08:00+02:00,2078.1,2078.6,2077.5,2078.3,331
2021-09-17 15:09:00+02:00,2078.3,2078.5,2077.8,2078.4,327
2021-09-17 15:10:00+02:00,2078.4,2078.8,2078.2,2078.4,363
2021-09-17 15:11:00+02:00,2078.2,2078.2,2077.1,2077.4,493
2021-09-17 15:12:00+02:00,2077.3,2077.5,2076.5,2076.7,475
2021-09-17 15:13:00+02:00,2076.7,2077.4,2076.6,2077.1,278
2021-09-17 15:14:00+02:00,2077.1,2077.4,2076.8,2077.0,246
2021-09-17 15:15:00+02:00,2077.1,2077.2,2076.3,2076.4,388
2021-09-17 15:16:00+02:00,2076.3,2076.4,2075.3,2075.9,735
2021-09-17 15:17:00+02:00,2075.9,2076.0,2075.3,2075.5,229
2021-09-17 15:18:00+02:00,2075.4,2076.1,2075.1,2076.0,238
2021-09-17 15:19:00+02:00,2076.0,2076.0,2075.1,2075.2,265
2021-09-17 15:20:00+02:00,2075.2,2075.8,2075.1,2075.3,204
2021-09-17 15:21:00+02:00,2075.3,2075.5,2074.3,2075.3,474
2021-09-17 15:22:00+02:00,2075.2,2075.3,2073.7,2074.6,1004
2021-09-17 15:23:00+02:00,2074.5,2075.0,2074.1,2074.8,354
2021-09-17 15:24:00+02:00,2074.7,2074.9,2073.9,2074.6,309
2021-09-17 15:25:00+02:00,2074.5,2074.7,2073.9,2074.0,244
2021-09-17 15:26:00+02:00,2074.0,2074.3,2073.5,2073.8,312
2021-09-17 15:27:00+02:00,2073.8,2074.0,2072.8,2073.3,500
2021-09-17 15:28:00+02:00,2073.3,2073.5,2072.7,2072.8,243
2021-09-17 15:29:00+02:00,2072.8,2074.5,2072.6,2074.4,744
2021-09-17 15:30:00+02:00,2074.4,2075.3,2074.3,2075.1,610
2021-09-17 15:31:00+02:00,2075.1,2077.3,2075.0,2076.6,1490
2021-09-17 15:32:00+02:00,2076.5,2076.5,2074.5,2074.7,630
2021-09-17 15:33:00+02:00,2074.5,2075.4,2073.3,2074.4,799
2021-09-17 15:34:00+02:00,2074.3,2074.5,2072.8,2073.2,607
2021-09-17 15:35:00+02:00,2073.2,2075.1,2073.0,2074.8,786
2021-09-17 15:36:00+02:00,2074.7,2075.1,2074.0,2074.4,450
2021-09-17 15:37:00+02:00,2074.4,2076.1,2074.0,2075.6,524
2021-09-17 15:38:00+02:00,2075.5,2075.5,2074.7,2075.3,503
2021-09-17 15:39:00+02:00,2075.2,2075.5,2072.7,2073.6,982
2021-09-17 15:40:00+02:00,2073.6,2075.6,2073.3,2075.0,590
2021-09-17 15:41:00+02:00,2074.9,2075.0,2071.6,2072.4,1046
2021-09-17 15:42:00+02:00,2072.3,2075.6,2072.2,2075.0,860
2021-09-17 15:43:00+02:00,2074.9,2075.3,2073.5,2073.7,757
2021-09-17 15:44:00+02:00,2073.6,2075.2,2073.6,2074.0,411
2021-09-17 15:45:00+02:00,2073.9,2074.0,2073.0,2073.8,427
2021-09-17 15:46:00+02:00,2073.6,2074.1,2073.0,2073.8,603
2021-09-17 15:47:00+02:00,2073.7,2073.9,2072.7,2073.5,492
2021-09-17 15:48:00+02:00,2073.5,2074.7,2073.1,2073.9,448
2021-09-17 15:49:00+02:00,2073.8,2077.0,2073.6,2076.9,828
2021-09-17 15:50:00+02:00,2076.8,2077.7,2074.7,2074.9,1167
2021-09-17 15:51:00+02:00,2074.7,2075.2,2071.5,2072.2,1643
2021-09-17 15:52:00+02:00,2072.1,2074.5,2071.6,2073.9,641
2021-09-17 15:53:00+02:00,2073.8,2073.8,2072.5,2073.4,552
2021-09-17 15:54:00+02:00,2073.4,2073.5,2072.5,2073.2,270
2021-09-17 15:55:00+02:00,2073.3,2075.8,2073.3,2075.8,668
2021-09-17 15:56:00+02:00,2075.8,2076.5,2075.1,2075.9,629
2021-09-17 15:57:00+02:00,2076.0,2076.0,2074.5,2074.6,296
2021-09-17 15:58:00+02:00,2074.5,2074.8,2073.6,2073.9,331
2021-09-17 15:59:00+02:00,2073.9,2074.8,2073.7,2074.4,251
2021-09-17 16:00:00+02:00,2074.3,2074.3,2072.8,2072.8,387
2021-09-17 16:01:00+02:00,2072.9,2075.8,2072.2,2075.7,1322
2021-09-17 16:02:00+02:00,2075.7,2077.0,2075.4,2076.8,1044
2021-09-17 16:03:00+02:00,2076.9,2079.0,2076.5,2078.5,1348
2021-09-17 16:04:00+02:00,2078.4,2080.0,2078.2,2078.5,1578
2021-09-17 16:05:00+02:00,2078.5,2078.9,2077.1,2077.2,674
2021-09-17 16:06:00+02:00,2077.0,2077.7,2074.9,2075.0,905
2021-09-17 16:07:00+02:00,2074.8,2075.7,2074.6,2075.4,480
2021-09-17 16:08:00+02:00,2075.5,2075.8,2074.6,2074.9,389
2021-09-17 16:09:00+02:00,2074.8,2075.9,2074.5,2075.9,272
2021-09-17 16:10:00+02:00,2075.8,2075.9,2075.3,2075.6,185
2021-09-17 16:11:00+02:00,2075.6,2075.7,2074.3,2075.1,304
2021-09-17 16:12:00+02:00,2075.1,2075.1,2074.5,2074.9,101
2021-09-17 16:13:00+02:00,2074.9,2075.0,2074.2,2074.2,266
2021-09-17 16:14:00+02:00,2074.2,2074.3,2072.5,2072.8,695
2021-09-17 16:15:00+02:00,2072.9,2074.5,2072.7,2073.7,484
2021-09-17 16:16:00+02:00,2073.7,2073.7,2071.7,2072.4,564
2021-09-17 16:17:00+02:00,2072.4,2072.4,2070.1,2071.4,1257
2021-09-17 16:18:00+02:00,2071.5,2072.1,2070.2,2070.4,668
2021-09-17 16:19:00+02:00,2070.4,2072.5,2070.4,2072.1,558
2021-09-17 16:20:00+02:00,2071.8,2072.3,2070.9,2071.5,587
2021-09-17 16:21:00+02:00,2071.4,2073.6,2071.3,2073.6,649
2021-09-17 16:22:00+02:00,2073.6,2075.6,2073.4,2075.2,898
2021-09-17 16:23:00+02:00,2075.3,2075.7,2073.7,2074.2,439
2021-09-17 16:24:00+02:00,2074.2,2074.4,2073.7,2074.3,172
2021-09-17 16:25:00+02:00,2074.3,2075.0,2073.6,2074.9,281
2021-09-17 16:26:00+02:00,2074.7,2074.7,2073.3,2073.6,302
2021-09-17 16:27:00+02:00,2073.6,2074.2,2072.5,2074.1,447
2021-09-17 16:28:00+02:00,2074.0,2074.0,2072.8,2073.2,181
2021-09-17 16:29:00+02:00,2073.3,2073.4,2072.8,2073.2,173
2021-09-17 16:30:00+02:00,2073.1,2074.0,2072.8,2073.2,262
2021-09-17 16:31:00+02:00,2073.1,2073.5,2072.8,2073.3,247
2021-09-17 16:32:00+02:00,2073.1,2073.7,2072.9,2073.0,148
2021-09-17 16:33:00+02:00,2073.0,2074.9,2072.9,2074.4,207
2021-09-17 16:34:00+02:00,2074.4,2074.9,2073.8,2074.7,331
2021-09-17 16:35:00+02:00,2074.6,2074.6,2072.5,2073.4,360
2021-09-17 16:36:00+02:00,2073.3,2073.3,2072.3,2072.9,295
2021-09-17 16:37:00+02:00,2072.8,2073.4,2072.6,2072.9,149
2021-09-17 16:38:00+02:00,2072.9,2074.2,2072.9,2073.7,227
2021-09-17 16:39:00+02:00,2073.7,2075.4,2073.7,2074.4,387
2021-09-17 16:40:00+02:00,2074.5,2075.1,2074.3,2074.5,162
2021-09-17 16:41:00+02:00,2074.4,2074.6,2073.1,2073.2,229
2021-09-17 16:42:00+02:00,2073.1,2074.1,2072.7,2073.9,346
2021-09-17 16:43:00+02:00,2074.0,2074.5,2073.6,2073.9,161
2021-09-17 16:44:00+02:00,2073.9,2074.5,2073.1,2074.3,139
2021-09-17 16:45:00+02:00,2074.4,2074.4,2073.7,2074.0,160
2021-09-17 16:46:00+02:00,2073.9,2073.9,2072.9,2073.2,336
2021-09-17 16:47:00+02:00,2073.3,2073.7,2072.9,2073.0,91
2021-09-17 16:48:00+02:00,2073.0,2073.0,2072.6,2072.9,199
2021-09-17 16:49:00+02:00,2072.9,2072.9,2071.4,2071.4,372
2021-09-17 16:50:00+02:00,2071.4,2072.5,2071.2,2072.5,420
2021-09-17 16:51:00+02:00,2072.6,2073.2,2072.4,2072.9,303
2021-09-17 16:52:00+02:00,2072.8,2072.9,2071.9,2071.9,161
2021-09-17 16:53:00+02:00,2071.8,2072.4,2071.6,2072.0,204
2021-09-17 16:54:00+02:00,2072.0,2074.5,2072.0,2074.2,561
2021-09-17 16:55:00+02:00,2074.2,2075.9,2074.2,2075.7,520
2021-09-17 16:56:00+02:00,2075.6,2076.0,2074.8,2075.3,497
2021-09-17 16:57:00+02:00,2075.3,2075.5,2074.7,2075.3,318
2021-09-17 16:58:00+02:00,2075.3,2075.3,2074.2,2074.4,336
2021-09-17 16:59:00+02:00,2074.3,2074.8,2073.9,2074.8,196
2021-09-17 17:00:00+02:00,2074.8,2074.9,2074.2,2074.7,275
2021-09-17 17:01:00+02:00,2074.8,2075.2,2074.6,2074.8,222
2021-09-17 17:02:00+02:00,2074.8,2074.9,2074.2,2074.4,134
2021-09-17 17:03:00+02:00,2074.4,2075.0,2074.3,2074.9,198
2021-09-17 17:04:00+02:00,2074.8,2075.1,2074.4,2074.5,138
2021-09-17 17:05:00+02:00,2074.4,2074.5,2074.0,2074.5,107
2021-09-17 17:06:00+02:00,2074.5,2074.6,2074.2,2074.2,83
2021-09-17 17:07:00+02:00,2074.2,2074.5,2073.9,2074.2,185
2021-09-17 17:08:00+02:00,2074.3,2074.3,2073.9,2073.9,103
2021-09-17 17:09:00+02:00,2074.0,2075.3,2074.0,2074.6,250
2021-09-17 17:10:00+02:00,2074.6,2074.9,2074.3,2074.3,104
2021-09-17 17:11:00+02:00,2074.4,2074.8,2073.9,2074.6,178
2021-09-17 17:12:00+02:00,2074.8,2075.4,2074.5,2075.1,169
2021-09-17 17:13:00+02:00,2075.0,2075.8,2074.4,2075.8,197
2021-09-17 17:14:00+02:00,2075.6,2076.7,2075.5,2076.5,643
2021-09-17 17:15:00+02:00,2076.4,2077.3,2076.4,2077.2,395
2021-09-17 17:16:00+02:00,2077.2,2077.6,2077.0,2077.4,396
2021-09-17 17:17:00+02:00,2077.4,2077.5,2075.7,2076.0,566
2021-09-17 17:18:00+02:00,2076.0,2076.2,2075.8,2076.0,120
2021-09-17 17:19:00+02:00,2076.0,2076.6,2076.0,2076.5,168
2021-09-17 17:20:00+02:00,2076.4,2077.4,2076.4,2077.2,243
2021-09-17 17:21:00+02:00,2077.2,2078.0,2077.2,2077.7,540
2021-09-17 17:22:00+02:00,2077.7,2078.2,2077.7,2078.1,615
2021-09-17 17:23:00+02:00,2078.1,2078.4,2078.0,2078.0,234
2021-09-17 17:24:00+02:00,2078.1,2078.5,2078.0,2078.5,213
2021-09-17 17:25:00+02:00,2078.5,2078.6,2077.8,2077.9,286
2021-09-17 17:26:00+02:00,2077.7,2077.9,2077.1,2077.2,269
2021-09-17 17:27:00+02:00,2077.1,2077.2,2076.8,2076.8,116
2021-09-17 17:28:00+02:00,2076.8,2077.2,2076.4,2076.6,144
2021-09-17 17:29:00+02:00,2076.7,2077.4,2076.7,2076.8,224
2021-09-17 17:30:00+02:00,2076.8,2076.8,2076.1,2076.2,198
2021-09-17 17:31:00+02:00,2076.2,2076.4,2076.0,2076.2,200
2021-09-17 17:32:00+02:00,2076.1,2076.4,2076.0,2076.0,192
2021-09-17 17:33:00+02:00,2076.0,2076.6,2076.0,2076.3,222
2021-09-17 17:34:00+02:00,2076.4,2077.1,2076.4,2076.9,147
2021-09-17 17:35:00+02:00,2077.0,2077.3,2076.9,2077.1,122
2021-09-17 17:36:00+02:00,2077.1,2077.5,2076.8,2077.0,69
2021-09-17 17:37:00+02:00,2076.9,2077.5,2076.9,2077.5,75
2021-09-17 17:38:00+02:00,2077.5,2078.1,2077.5,2077.8,181
2021-09-17 17:39:00+02:00,2077.7,2078.1,2077.7,2078.0,93
2021-09-17 17:40:00+02:00,2077.9,2078.1,2077.7,2077.8,117
2021-09-17 17:41:00+02:00,2077.7,2077.9,2077.5,2077.5,73
2021-09-17 17:42:00+02:00,2077.6,2078.1,2077.6,2078.1,141
2021-09-17 17:43:00+02:00,2078.2,2078.5,2078.1,2078.4,238
2021-09-17 17:44:00+02:00,2078.5,2078.5,2078.3,2078.3,42
2021-09-17 17:45:00+02:00,2078.4,2078.8,2078.4,2078.6,225
2021-09-17 17:46:00+02:00,2078.7,2078.9,2078.4,2078.8,180
2021-09-17 17:47:00+02:00,2078.7,2078.8,2078.1,2078.2,101
2021-09-17 17:48:00+02:00,2078.2,2078.3,2077.9,2078.2,115
2021-09-17 17:49:00+02:00,2078.1,2078.4,2078.1,2078.3,87
2021-09-17 17:50:00+02:00,2078.3,2078.6,2077.9,2077.9,111
2021-09-17 17:51:00+02:00,2077.9,2078.0,2077.4,2077.5,121
2021-09-17 17:52:00+02:00,2077.5,2077.6,2077.3,2077.6,184
2021-09-17 17:53:00+02:00,2077.6,2077.6,2076.9,2077.1,132
2021-09-17 17:54:00+02:00,2077.2,2077.2,2076.4,2076.5,220
2021-09-17 17:55:00+02:00,2076.5,2076.7,2076.4,2076.4,83
2021-09-17 17:56:00+02:00,2076.4,2076.6,2076.3,2076.5,90
2021-09-17 17:57:00+02:00,2076.6,2076.9,2076.4,2076.8,66
2021-09-17 17:58:00+02:00,2076.9,2077.1,2076.6,2076.7,115
2021-09-17 17:59:00+02:00,2076.6,2076.7,2076.1,2076.3,97
2021-09-17 18:00:00+02:00,2076.3,2076.4,2075.9,2076.0,169
2021-09-17 18:01:00+02:00,2076.1,2076.1,2075.2,2075.3,347
2021-09-17 18:02:00+02:00,2075.4,2075.4,2074.7,2074.8,201
2021-09-17 18:03:00+02:00,2074.8,2074.8,2074.2,2074.3,267
2021-09-17 18:04:00+02:00,2074.3,2074.9,2074.3,2074.5,145
2021-09-17 18:05:00+02:00,2074.5,2075.3,2074.5,2075.2,158
2021-09-17 18:06:00+02:00,2075.1,2075.4,2074.9,2075.3,194
2021-09-17 18:07:00+02:00,2075.3,2075.5,2075.3,2075.3,97
2021-09-17 18:08:00+02:00,2075.4,2075.4,2074.8,2074.8,73
2021-09-17 18:09:00+02:00,2074.8,2075.2,2074.7,2075.2,39
2021-09-17 18:10:00+02:00,2075.2,2075.3,2075.1,2075.1,41
2021-09-17 18:11:00+02:00,2075.0,2075.4,2074.9,2075.3,64
2021-09-17 18:12:00+02:00,2075.3,2075.4,2075.2,2075.4,36
2021-09-17 18:13:00+02:00,2075.5,2075.5,2075.1,2075.3,74
2021-09-17 18:14:00+02:00,2075.3,2075.4,2075.1,2075.4,30
2021-09-17 18:15:00+02:00,2075.4,2075.6,2075.3,2075.5,96
2021-09-17 18:16:00+02:00,2075.5,2076.0,2075.5,2076.0,112
2021-09-17 18:17:00+02:00,2076.0,2076.4,2075.9,2076.4,179
2021-09-17 18:18:00+02:00,2076.4,2076.4,2076.0,2076.2,104
2021-09-17 18:19:00+02:00,2076.3,2076.7,2076.3,2076.6,164
2021-09-17 18:20:00+02:00,2076.5,2077.1,2076.5,2076.7,213
2021-09-17 18:21:00+02:00,2076.6,2076.9,2076.6,2076.8,141
2021-09-17 18:22:00+02:00,2076.8,2076.8,2076.4,2076.8,62
2021-09-17 18:23:00+02:00,2076.8,2077.1,2076.8,2076.9,62
2021-09-17 18:24:00+02:00,2077.0,2077.3,2076.9,2077.2,110
2021-09-17 18:25:00+02:00,2077.2,2077.6,2077.2,2077.5,159
2021-09-17 18:26:00+02:00,2077.5,2077.5,2077.1,2077.2,99
2021-09-17 18:27:00+02:00,2077.3,2077.4,2077.1,2077.3,91
2021-09-17 18:28:00+02:00,2077.4,2077.5,2077.1,2077.1,60
2021-09-17 18:29:00+02:00,2077.2,2077.2,2076.7,2076.7,80
2021-09-17 18:30:00+02:00,2076.8,2077.1,2076.7,2077.1,49
2021-09-17 18:31:00+02:00,2077.0,2077.1,2076.8,2076.9,89
2021-09-17 18:32:00+02:00,2076.8,2076.9,2076.6,2076.9,102
2021-09-17 18:33:00+02:00,2076.9,2077.0,2076.8,2077.0,56
2021-09-17 18:34:00+02:00,2077.0,2077.5,2077.0,2077.5,93
2021-09-17 18:35:00+02:00,2077.5,2077.6,2077.4,2077.5,66
2021-09-17 18:36:00+02:00,2077.4,2077.8,2077.3,2077.6,75
2021-09-17 18:37:00+02:00,2077.5,2077.5,2077.3,2077.3,54
2021-09-17 18:38:00+02:00,2077.3,2077.4,2077.1,2077.1,46
2021-09-17 18:39:00+02:00,2077.0,2077.1,2076.8,2076.8,46
2021-09-17 18:40:00+02:00,2076.8,2076.9,2076.4,2076.4,52
2021-09-17 18:41:00+02:00,2076.4,2076.5,2076.3,2076.3,57
2021-09-17 18:42:00+02:00,2076.3,2076.4,2076.2,2076.2,21
2021-09-17 18:43:00+02:00,2076.2,2076.4,2076.1,2076.4,116
2021-09-17 18:44:00+02:00,2076.4,2076.4,2076.2,2076.3,110
2021-09-17 18:45:00+02:00,2076.3,2076.4,2075.9,2076.0,78
2021-09-17 18:46:00+02:00,2076.1,2076.1,2076.1,2076.1,42
2021-09-17 18:47:00+02:00,2076.2,2076.2,2075.8,2075.8,70
2021-09-17 18:48:00+02:00,2075.9,2076.2,2075.7,2076.1,104
2021-09-17 18:49:00+02:00,2076.1,2076.1,2075.9,2076.0,53
2021-09-17 18:50:00+02:00,2075.9,2076.0,2075.7,2075.9,38
2021-09-17 18:51:00+02:00,2075.9,2076.1,2075.7,2075.7,93
2021-09-17 18:52:00+02:00,2075.7,2075.7,2075.3,2075.3,129
2021-09-17 18:53:00+02:00,2075.3,2075.3,2074.8,2075.1,151
2021-09-17 18:54:00+02:00,2075.1,2075.4,2074.6,2075.1,199
2021-09-17 18:55:00+02:00,2075.2,2075.3,2074.9,2075.0,72
2021-09-17 18:56:00+02:00,2075.0,2075.2,2074.7,2075.0,115
2021-09-17 18:57:00+02:00,2074.9,2075.0,2074.6,2074.6,47
2021-09-17 18:58:00+02:00,2074.6,2075.2,2074.6,2075.1,91
2021-09-17 18:59:00+02:00,2075.0,2075.1,2074.9,2075.0,72
2021-09-17 19:00:00+02:00,2075.0,2075.0,2074.7,2074.8,67
2021-09-17 19:01:00+02:00,2074.8,2074.8,2074.5,2074.6,81
2021-09-17 19:02:00+02:00,2074.5,2075.1,2074.5,2075.1,68
2021-09-17 19:03:00+02:00,2075.0,2075.3,2075.0,2075.2,49
2021-09-17 19:04:00+02:00,2075.2,2075.9,2075.2,2075.9,102
2021-09-17 19:05:00+02:00,2075.8,2075.9,2075.6,2075.6,72
2021-09-17 19:06:00+02:00,2075.6,2075.8,2075.5,2075.6,79
2021-09-17 19:07:00+02:00,2075.6,2075.7,2075.5,2075.7,71
2021-09-17 19:08:00+02:00,2075.7,2075.8,2075.6,2075.6,33
2021-09-17 19:09:00+02:00,2075.6,2075.6,2075.4,2075.4,30
2021-09-17 19:10:00+02:00,2075.4,2075.7,2075.4,2075.7,39
2021-09-17 19:11:00+02:00,2075.7,2076.0,2075.3,2075.3,101
2021-09-17 19:12:00+02:00,2075.4,2075.4,2075.1,2075.1,29
2021-09-17 19:13:00+02:00,2075.1,2075.2,2075.0,2075.0,67
2021-09-17 19:14:00+02:00,2075.1,2075.2,2074.9,2074.9,72
2021-09-17 19:15:00+02:00,2074.9,2075.2,2074.6,2075.1,111
2021-09-17 19:16:00+02:00,2075.2,2075.5,2075.2,2075.4,49
2021-09-17 19:17:00+02:00,2075.4,2075.5,2075.3,2075.3,40
2021-09-17 19:18:00+02:00,2075.4,2075.7,2075.4,2075.6,71
2021-09-17 19:19:00+02:00,2075.6,2075.8,2075.6,2075.6,47
2021-09-17 19:20:00+02:00,2075.6,2075.7,2075.6,2075.7,53
2021-09-17 19:21:00+02:00,2075.6,2075.8,2075.6,2075.8,75
2021-09-17 19:22:00+02:00,2075.8,2075.8,2075.6,2075.6,140
2021-09-17 19:23:00+02:00,2075.6,2075.7,2075.4,2075.5,68
2021-09-17 19:24:00+02:00,2075.5,2075.6,2075.0,2075.1,116
2021-09-17 19:25:00+02:00,2075.0,2075.3,2074.3,2075.2,234
2021-09-17 19:26:00+02:00,2075.3,2075.5,2074.6,2074.8,134
2021-09-17 19:27:00+02:00,2074.8,2075.1,2074.8,2075.1,42
2021-09-17 19:28:00+02:00,2075.0,2075.1,2075.0,2075.1,36
2021-09-17 19:29:00+02:00,2075.0,2075.0,2074.6,2074.8,160
2021-09-17 19:30:00+02:00,2074.8,2074.8,2074.1,2074.2,1102
2021-09-17 19:31:00+02:00,2074.3,2075.1,2074.3,2075.0,280
2021-09-17 19:32:00+02:00,2075.0,2075.0,2074.4,2074.4,104
2021-09-17 19:33:00+02:00,2074.5,2074.7,2074.2,2074.3,237
2021-09-17 19:34:00+02:00,2074.3,2074.6,2074.2,2074.6,54
2021-09-17 19:35:00+02:00,2074.5,2074.5,2074.0,2074.1,112
2021-09-17 19:36:00+02:00,2074.1,2074.5,2074.1,2074.4,31
2021-09-17 19:37:00+02:00,2074.3,2074.3,2074.0,2074.1,131
2021-09-17 19:38:00+02:00,2074.1,2074.3,2074.1,2074.1,50
2021-09-17 19:39:00+02:00,2074.3,2074.3,2073.9,2074.0,59
2021-09-17 19:40:00+02:00,2074.0,2074.0,2073.8,2073.8,40
2021-09-17 19:41:00+02:00,2073.8,2074.3,2073.8,2074.2,142
2021-09-17 19:42:00+02:00,2074.3,2074.3,2074.0,2074.2,145
2021-09-17 19:43:00+02:00,2074.1,2074.1,2073.8,2073.8,83
2021-09-17 19:44:00+02:00,2073.7,2073.8,2073.6,2073.7,97
2021-09-17 19:45:00+02:00,2073.7,2073.8,2073.4,2073.8,154
2021-09-17 19:46:00+02:00,2073.7,2073.7,2073.5,2073.7,17
2021-09-17 19:47:00+02:00,2073.7,2073.8,2073.7,2073.7,31
2021-09-17 19:48:00+02:00,2073.8,2074.0,2073.8,2074.0,99
2021-09-17 19:49:00+02:00,2074.0,2074.0,2073.7,2073.9,67
2021-09-17 19:50:00+02:00,2073.9,2074.2,2073.9,2074.0,126
2021-09-17 19:51:00+02:00,2073.9,2074.0,2073.9,2073.9,22
2021-09-17 19:52:00+02:00,2073.8,2074.0,2073.8,2073.9,41
2021-09-17 19:53:00+02:00,2074.0,2074.0,2073.7,2073.8,35
2021-09-17 19:54:00+02:00,2073.8,2074.0,2073.8,2073.8,25
2021-09-17 19:55:00+02:00,2073.7,2074.0,2073.7,2074.0,49
2021-09-17 19:56:00+02:00,2074.0,2074.1,2074.0,2074.0,20
2021-09-17 19:57:00+02:00,2074.0,2074.3,2074.0,2074.2,61
2021-09-17 19:58:00+02:00,2074.2,2074.3,2074.1,2074.2,41
2021-09-17 19:59:00+02:00,2074.1,2074.1,2073.9,2074.0,57
2021-09-17 20:00:00+02:00,2074.1,2074.1,2073.8,2073.8,19
2021-09-17 20:01:00+02:00,2073.9,2074.2,2073.9,2073.9,106
2021-09-17 20:02:00+02:00,2073.9,2074.0,2073.9,2074.0,32
2021-09-17 20:03:00+02:00,2074.0,2074.0,2073.5,2073.7,66
2021-09-17 20:04:00+02:00,2073.7,2073.8,2073.5,2073.8,63
2021-09-17 20:05:00+02:00,2073.7,2073.9,2073.7,2073.9,20
2021-09-17 20:06:00+02:00,2073.9,2074.0,2073.8,2073.9,38
2021-09-17 20:07:00+02:00,2073.9,2074.0,2073.8,2073.9,8
2021-09-17 20:08:00+02:00,2073.9,2074.0,2073.8,2074.0,39
2021-09-17 20:09:00+02:00,2074.0,2074.0,2073.8,2074.0,110
2021-09-17 20:10:00+02:00,2074.0,2074.3,2073.9,2074.3,64
2021-09-17 20:11:00+02:00,2074.2,2074.6,2074.2,2074.6,107
2021-09-17 20:12:00+02:00,2074.6,2074.6,2074.2,2074.2,38
2021-09-17 20:13:00+02:00,2074.2,2074.3,2074.2,2074.3,19
2021-09-17 20:14:00+02:00,2074.2,2074.3,2074.0,2074.2,56
2021-09-17 20:15:00+02:00,2074.2,2074.3,2074.1,2074.1,102
2021-09-17 20:16:00+02:00,2074.1,2074.1,2073.9,2074.0,75
2021-09-17 20:17:00+02:00,2074.0,2074.0,2073.4,2073.4,92
2021-09-17 20:18:00+02:00,2073.4,2073.6,2073.3,2073.4,79
2021-09-17 20:19:00+02:00,2073.4,2073.6,2073.2,2073.6,82
2021-09-17 20:20:00+02:00,2073.6,2074.1,2073.6,2074.1,60
2021-09-17 20:21:00+02:00,2074.1,2074.4,2074.1,2074.2,160
2021-09-17 20:22:00+02:00,2074.1,2074.4,2074.1,2074.3,90
2021-09-17 20:23:00+02:00,2074.3,2074.6,2074.3,2074.5,68
2021-09-17 20:24:00+02:00,2074.5,2074.7,2074.5,2074.6,45
2021-09-17 20:25:00+02:00,2074.6,2074.9,2074.6,2074.9,132
2021-09-17 20:26:00+02:00,2074.9,2074.9,2074.8,2074.9,102
2021-09-17 20:27:00+02:00,2074.9,2075.0,2074.8,2074.9,48
2021-09-17 20:28:00+02:00,2074.9,2075.1,2074.9,2075.0,79
2021-09-17 20:29:00+02:00,2075.0,2075.2,2074.9,2075.1,97
2021-09-17 20:30:00+02:00,2075.0,2075.1,2075.0,2075.1,39
2021-09-17 20:31:00+02:00,2075.0,2075.0,2074.7,2074.8,40
2021-09-17 20:32:00+02:00,2074.9,2075.2,2074.9,2075.2,67
2021-09-17 20:33:00+02:00,2075.2,2075.2,2075.1,2075.1,35
2021-09-17 20:34:00+02:00,2075.0,2075.2,2074.9,2075.2,34
2021-09-17 20:35:00+02:00,2075.1,2075.1,2075.0,2075.0,12
2021-09-17 20:36:00+02:00,2075.0,2075.2,2074.9,2075.2,21
2021-09-17 20:37:00+02:00,2075.2,2075.2,2075.1,2075.1,25
2021-09-17 20:38:00+02:00,2075.1,2075.2,2075.1,2075.1,12
2021-09-17 20:39:00+02:00,2075.2,2075.4,2075.1,2075.4,61
2021-09-17 20:40:00+02:00,2075.4,2075.7,2075.4,2075.6,62
2021-09-17 20:41:00+02:00,2075.5,2075.5,2075.3,2075.4,40
2021-09-17 20:42:00+02:00,2075.4,2075.5,2075.3,2075.3,29
2021-09-17 20:43:00+02:00,2075.4,2075.5,2075.4,2075.5,10
2021-09-17 20:44:00+02:00,2075.5,2075.7,2075.5,2075.6,70
2021-09-17 20:45:00+02:00,2075.5,2075.8,2075.5,2075.8,86
2021-09-17 20:46:00+02:00,2075.7,2075.8,2075.7,2075.8,42
2021-09-17 20:47:00+02:00,2075.8,2076.0,2075.7,2076.0,50
2021-09-17 20:48:00+02:00,2075.9,2076.0,2075.8,2075.9,17
2021-09-17 20:49:00+02:00,2075.8,2076.1,2075.8,2076.1,56
2021-09-17 20:50:00+02:00,2076.0,2076.1,2075.7,2075.9,72
2021-09-17 20:51:00+02:00,2075.9,2076.0,2075.7,2075.9,40
2021-09-17 20:52:00+02:00,2075.9,2076.2,2075.9,2076.0,34
2021-09-17 20:53:00+02:00,2076.0,2076.2,2076.0,2076.2,22
2021-09-17 20:54:00+02:00,2076.2,2076.4,2076.1,2076.2,29
2021-09-17 20:55:00+02:00,2076.2,2076.2,2076.1,2076.2,48
2021-09-17 20:56:00+02:00,2076.2,2076.5,2076.1,2076.1,171
2021-09-17 20:57:00+02:00,2076.1,2076.1,2075.9,2076.1,59
2021-09-17 20:58:00+02:00,2076.0,2076.0,2075.9,2075.9,8
2021-09-17 20:59:00+02:00,2075.9,2076.0,2075.7,2075.9,75
2021-09-17 21:00:00+02:00,2075.9,2076.2,2075.8,2075.9,65
2021-09-17 21:01:00+02:00,2075.8,2076.6,2075.4,2075.5,410
2021-09-17 21:02:00+02:00,2075.7,2076.1,2075.7,2076.1,29
2021-09-17 21:03:00+02:00,2076.1,2076.7,2076.1,2076.7,76
2021-09-17 21:04:00+02:00,2076.6,2076.9,2076.6,2076.8,71
2021-09-17 21:05:00+02:00,2076.8,2077.2,2076.7,2077.0,116
2021-09-17 21:06:00+02:00,2077.0,2077.5,2076.7,2076.8,203
2021-09-17 21:07:00+02:00,2076.8,2076.9,2076.7,2076.9,33
2021-09-17 21:08:00+02:00,2077.0,2077.0,2076.9,2077.0,30
2021-09-17 21:09:00+02:00,2077.0,2077.0,2076.8,2076.8,23
2021-09-17 21:10:00+02:00,2076.9,2077.0,2076.8,2076.9,18
2021-09-17 21:11:00+02:00,2076.9,2077.3,2076.9,2077.2,133
2021-09-17 21:12:00+02:00,2077.1,2077.2,2076.9,2076.9,47
2021-09-17 21:13:00+02:00,2076.9,2077.2,2076.8,2077.2,36
2021-09-17 21:14:00+02:00,2077.2,2077.2,2077.1,2077.1,16
2021-09-17 21:15:00+02:00,2077.1,2077.2,2077.1,2077.1,30
2021-09-17 21:16:00+02:00,2077.1,2077.1,2076.5,2076.6,129
2021-09-17 21:17:00+02:00,2076.7,2076.8,2076.6,2076.6,39
2021-09-17 21:18:00+02:00,2076.7,2076.7,2076.6,2076.7,8
2021-09-17 21:19:00+02:00,2076.6,2076.9,2076.6,2076.9,11
2021-09-17 21:20:00+02:00,2076.8,2076.8,2076.7,2076.7,8
2021-09-17 21:21:00+02:00,2076.7,2076.7,2076.3,2076.6,69
2021-09-17 21:22:00+02:00,2076.6,2076.7,2076.6,2076.6,16
2021-09-17 21:23:00+02:00,2076.6,2076.6,2076.5,2076.5,8
2021-09-17 21:24:00+02:00,2076.5,2076.5,2076.4,2076.4,6
2021-09-17 21:25:00+02:00,2076.5,2076.5,2076.1,2076.1,74
2021-09-17 21:26:00+02:00,2076.2,2076.2,2075.8,2075.9,118
2021-09-17 21:27:00+02:00,2075.9,2076.0,2075.7,2075.7,42
2021-09-17 21:28:00+02:00,2075.7,2076.0,2075.7,2076.0,59
2021-09-17 21:29:00+02:00,2075.9,2075.9,2075.7,2075.7,21
2021-09-17 21:30:00+02:00,2075.8,2075.8,2075.6,2075.7,26
2021-09-17 21:31:00+02:00,2075.7,2075.9,2075.6,2075.9,61
2021-09-17 21:32:00+02:00,2075.8,2075.9,2075.7,2075.7,24
2021-09-17 21:33:00+02:00,2075.7,2075.7,2075.3,2075.4,53
2021-09-17 21:34:00+02:00,2075.5,2075.6,2075.3,2075.4,33
2021-09-17 21:35:00+02:00,2075.5,2075.5,2074.9,2074.9,86
2021-09-17 21:36:00+02:00,2074.9,2075.1,2074.8,2074.9,76
2021-09-17 21:37:00+02:00,2074.9,2075.1,2074.9,2075.0,33
2021-09-17 21:38:00+02:00,2074.9,2075.0,2074.8,2074.9,46
2021-09-17 21:39:00+02:00,2074.9,2075.0,2074.7,2074.7,48
2021-09-17 21:40:00+02:00,2074.7,2074.8,2074.5,2074.5,89
2021-09-17 21:41:00+02:00,2074.6,2075.1,2074.5,2075.0,62
2021-09-17 21:42:00+02:00,2075.0,2075.4,2075.0,2075.3,49
2021-09-17 21:43:00+02:00,2075.2,2075.3,2075.1,2075.2,19
2021-09-17 21:44:00+02:00,2075.2,2075.4,2075.2,2075.2,18
2021-09-17 21:45:00+02:00,2075.3,2075.4,2075.2,2075.4,21
2021-09-17 21:46:00+02:00,2075.3,2075.7,2074.3,2075.5,437
2021-09-17 21:47:00+02:00,2075.6,2075.8,2075.6,2075.6,87
2021-09-17 21:48:00+02:00,2075.7,2075.8,2075.6,2075.6,7
2021-09-17 21:49:00+02:00,2075.7,2075.7,2075.5,2075.7,35
2021-09-17 21:50:00+02:00,2075.7,2076.0,2075.6,2075.9,63
2021-09-17 21:51:00+02:00,2075.8,2075.8,2075.3,2075.3,62
2021-09-17 21:52:00+02:00,2075.2,2075.2,2074.9,2075.0,98
2021-09-17 21:53:00+02:00,2075.0,2075.0,2074.7,2074.8,79
2021-09-17 21:54:00+02:00,2074.9,2075.3,2074.8,2075.2,54
2021-09-17 21:55:00+02:00,2075.3,2075.3,2074.9,2075.0,59
2021-09-17 21:56:00+02:00,2075.1,2075.2,2074.8,2074.8,50
2021-09-17 21:57:00+02:00,2074.9,2074.9,2074.6,2074.8,95
2021-09-17 21:58:00+02:00,2074.9,2075.1,2074.8,2075.0,29
2021-09-17 21:59:00+02:00,2075.1,2075.2,2074.8,2074.9,100
2021-09-17 22:00:00+02:00,2075.0,2075.1,2074.5,2074.6,183
2021-09-17 22:01:00+02:00,2074.6,2075.3,2074.4,2075.2,107
2021-09-17 22:02:00+02:00,2075.3,2075.5,2075.3,2075.5,23
2021-09-17 22:03:00+02:00,2075.4,2075.4,2075.1,2075.3,15
2021-09-17 22:04:00+02:00,2075.3,2075.4,2075.1,2075.3,21
2021-09-17 22:05:00+02:00,2075.4,2075.4,2075.3,2075.3,3
2021-09-17 22:06:00+02:00,2075.2,2075.2,2074.8,2075.0,60
2021-09-17 22:07:00+02:00,2075.0,2075.1,2075.0,2075.1,12
2021-09-17 22:08:00+02:00,2075.1,2075.2,2074.9,2074.9,12
2021-09-17 22:09:00+02:00,2074.9,2075.0,2074.9,2075.0,7
2021-09-17 22:10:00+02:00,2075.0,2075.0,2074.8,2074.9,15
2021-09-17 22:11:00+02:00,2074.8,2075.0,2074.7,2074.8,18
2021-09-17 22:12:00+02:00,2074.9,2075.5,2074.9,2075.4,49
2021-09-17 22:13:00+02:00,2075.3,2075.3,2075.3,2075.3,5
2021-09-17 22:14:00+02:00,2075.2,2075.3,2075.1,2075.1,14
2021-09-17 22:15:00+02:00,2075.2,2075.2,2075.0,2075.2,13
2021-09-17 22:16:00+02:00,2075.1,2075.1,2075.0,2075.1,7
2021-09-17 22:17:00+02:00,2075.1,2075.5,2075.1,2075.5,57
2021-09-17 22:18:00+02:00,2075.5,2075.6,2075.4,2075.6,11
2021-09-17 22:19:00+02:00,2075.6,2075.8,2075.6,2075.8,24
2021-09-17 22:20:00+02:00,2075.9,2075.9,2075.7,2075.8,17
2021-09-17 22:21:00+02:00,2075.8,2075.9,2075.8,2075.8,4
2021-09-17 22:22:00+02:00,2075.7,2075.7,2075.7,2075.7,2
2021-09-17 22:23:00+02:00,2075.6,2075.7,2075.5,2075.5,5
2021-09-17 22:24:00+02:00,2075.6,2075.6,2075.6,2075.6,2
2021-09-17 22:25:00+02:00,2075.7,2075.7,2075.6,2075.6,2
2021-09-17 22:26:00+02:00,2075.6,2075.6,2075.5,2075.5,4
2021-09-17 22:27:00+02:00,2075.6,2075.7,2075.6,2075.7,9
2021-09-17 22:28:00+02:00,2075.6,2075.7,2075.6,2075.7,9
2021-09-17 22:29:00+02:00,2075.7,2075.7,2075.6,2075.6,14
2021-09-17 22:30:00+02:00,2075.6,2075.7,2075.5,2075.6,8
2021-09-17 22:31:00+02:00,2075.6,2076.0,2075.4,2075.9,83
2021-09-17 22:32:00+02:00,2076.0,2076.0,2075.9,2076.0,12
2021-09-17 22:33:00+02:00,2076.0,2076.2,2076.0,2076.1,8
2021-09-17 22:34:00+02:00,2076.1,2076.2,2076.1,2076.2,12
2021-09-17 22:35:00+02:00,2076.1,2076.2,2075.9,2075.9,19
2021-09-17 22:36:00+02:00,2075.9,2075.9,2075.9,2075.9,2
2021-09-17 22:37:00+02:00,2075.8,2075.9,2075.7,2075.9,6
2021-09-17 22:38:00+02:00,2075.9,2076.0,2075.9,2076.0,4
2021-09-17 22:39:00+02:00,2075.9,2076.0,2075.9,2075.9,8
2021-09-17 22:40:00+02:00,2076.0,2076.0,2075.9,2076.0,26
2021-09-17 22:41:00+02:00,2076.0,2076.1,2075.8,2075.8,21
2021-09-17 22:42:00+02:00,2075.8,2075.9,2075.8,2075.9,15
2021-09-17 22:43:00+02:00,2075.9,2075.9,2075.9,2075.9,5
2021-09-17 22:44:00+02:00,2076.0,2076.0,2075.8,2075.8,16
2021-09-17 22:45:00+02:00,2076.0,2076.0,2075.8,2075.9,23
2021-09-17 22:46:00+02:00,2076.0,2076.0,2075.7,2075.9,41
2021-09-17 22:47:00+02:00,2075.9,2075.9,2075.6,2075.8,16
2021-09-17 22:48:00+02:00,2075.8,2075.9,2075.7,2075.7,9
2021-09-17 22:49:00+02:00,2075.7,2075.9,2075.7,2075.9,11
2021-09-17 22:50:00+02:00,2075.9,2076.0,2075.6,2076.0,83
2021-09-17 22:51:00+02:00,2076.0,2076.1,2075.8,2076.1,49
2021-09-17 22:52:00+02:00,2076.1,2076.8,2075.8,2076.7,91
2021-09-17 22:53:00+02:00,2076.7,2076.7,2076.5,2076.5,18
2021-09-17 22:54:00+02:00,2076.5,2076.8,2076.5,2076.8,12
2021-09-17 22:55:00+02:00,2076.7,2076.9,2076.6,2076.8,32
2021-09-17 22:56:00+02:00,2076.7,2076.9,2076.7,2076.8,40
2021-09-17 22:57:00+02:00,2076.8,2077.0,2076.8,2077.0,28
2021-09-17 22:58:00+02:00,2077.0,2077.2,2076.9,2076.9,51
2021-09-17 22:59:00+02:00,2077.1,2077.4,2076.9,2077.2,27
2021-09-17 23:00:00+02:00,2077.2,2077.6,2076.9,2076.9,76
