tp;sl;rr_ratio;days_traded;total_trades;profit_trades;stop_trades;win_rate;total_pnl;total_pnl_usd;avg_pnl_usd;max_drawdown;sharpe_ratio;sortino_ratio;ulcer_index;profit_factor;avg_trades_per_day
75,0;100,0;0,75;57;573;315;201;61,04651162790697;2962,5;59250,0;103,40314136125654;-21335,0;1,0001890933968887;3,4910085104513136;52,9980382345328;1,1753731343283582;10,052631578947368
150,0;100,0;1,5;57;326;111;158;41,2639405204461;2202,75;44055,0;135,13803680981596;-25940,0;0,9390798876950368;4,769269845609999;52,89162016118264;1,0537974683544304;5,719298245614035
50,0;75,0;0,6666666666666666;57;1019;607;356;63,03219106957425;3255,5;65110,0;63,895976447497546;-29430,0;0,8591233730614507;3,2245936318981197;34,06254602158507;1,1367041198501873;17,87719298245614
125,0;100,0;1,25;57;387;153;177;46,36363636363636;2162,5;43250,0;111,75710594315245;-25150,0;0,8418704490902488;3,951328663189068;24,401093237808055;1,0805084745762712;6,7894736842105265
150,0;35,0;4,285714285714286;57;732;134;544;19,76401179941003;2716,75;54335,0;74,22814207650273;-28130,0;0,816918908555467;18,512831404247862;23,583747422677156;1,055672268907563;12,842105263157896
125,0;35,0;3,5714285714285716;57;880;188;636;22,815533980582526;2736,5;54730,0;62,19318181818182;-27990,0;0,7489816828973174;14,986130554054796;25,284240188426438;1,05570530098832;15,43859649122807
125,0;15,0;8,333333333333334;57;1666;188;1437;11,569230769230769;3293,75;65875,0;39,54081632653061;-25970,0;0,6999095943614974;32,433895857709814;18,949491527888842;1,090234284388773;29,228070175438596
125,0;75,0;1,6666666666666667;57;493;168;268;38,53211009174312;1912,75;38255,0;77,59634888438134;-32695,0;0,6648461533443946;4,637277743873836;26,86602396409514;1,044776119402985;8,649122807017545
75,0;50,0;1,5;57;975;384;537;41,69381107491857;2271,75;45435,0;46,6;-27450,0;0,6140196021249275;5,510965439753447;28,351829940793095;1,0726256983240223;17,105263157894736
150,0;75,0;2,0;57;419;122;242;33,51648351648351;1519,5;30390,0;72,52983293556086;-21685,0;0,5710156301540951;5,328689000083045;30,12808215930587;1,0082644628099173;7,350877192982456
50,0;100,0;0,5;57;839;541;241;69,18158567774935;2015,75;40315,0;48,05125148986889;-25270,0;0,5655752541453438;1,4833742749654928;41,668767188487436;1,1224066390041494;14,719298245614034
150,0;15,0;10,0;57;1407;128;1237;9,377289377289378;2341,5;46830,0;33,28358208955224;-28315,0;0,5464071647801975;27,35091553607489;19,636097304771475;1,0347615198059823;24,68421052631579
125,0;50,0;2,5;57;697;185;456;28,861154446177846;1805,25;36105,0;51,80057388809182;-30020,0;0,5326366797890847;6,896363659537594;33,90148183827504;1,0142543859649122;12,228070175438596
150,0;25,0;6,0;57;964;130;783;14,238773274917854;1925,25;38505,0;39,94294605809129;-36585,0;0,5211625303341483;16,88894177787223;33,211238407740524;0,9961685823754789;16,912280701754387
150,0;50,0;3,0;57;565;125;384;24,557956777996072;1453,25;29065,0;51,442477876106196;-32815,0;0,4882237960882638;6,640184750755338;31,611119897005466;0,9765625;9,912280701754385
200,0;15,0;13,333333333333334;57;1107;70;991;6,597549481621112;1784,25;35685,0;32,235772357723576;-31790,0;0,4706287109790874;29,819809444610886;30,52645798685741;0,9418096199125463;19,42105263157895
75,0;75,0;1,0;57;741;354;332;51,60349854227405;1558,5;31170,0;42,064777327935225;-39720,0;0,45989392447007543;2,4511433199797557;36,255918431887046;1,0662650602409638;13,0
100,0;100,0;1,0;57;456;206;193;51,62907268170426;1215,75;24315,0;53,32236842105263;-28475,0;0,4490192676354107;1,7175965408342795;43,45349206864292;1,067357512953368;8,0
25,0;75,0;0,3333333333333333;57;1855;1381;422;76,59456461453134;1910,5;38210,0;20,598382749326145;-34140,0;0,3889540818612275;1,069447097463588;30,15998203248621;1,0908372827804107;32,54385964912281
25,0;100,0;0,25;57;1531;1206;271;81,65199729180772;1621,25;32425,0;21,178967994774656;-36865,0;0,3497806345172232;0,7033076892311032;40,18897989167145;1,1125461254612545;26,859649122807017
100,0;35,0;2,857142857142857;57;1046;261;735;26,20481927710843;1338,5;26770,0;25,592734225621413;-33615,0;0,3478675010493503;6,106279172012031;33,81428231683554;1,0145772594752187;18,350877192982455
50,0;35,0;1,4285714285714286;57;1777;730;1002;42,147806004618936;1416,0;28320,0;15,936972425436128;-20895,0;0,30444978901907455;3,2307299754650685;35,32926780136841;1,0407755916737953;31,17543859649123
100,0;15,0;6,666666666666667;57;1917;249;1629;13,258785942492013;1401,5;28030,0;14,621804903495045;-33750,0;0,29836999536181924;13,767010118475518;31,340368383221097;1,0190300798035605;33,63157894736842
125,0;25,0;5,0;57;1153;182;922;16,485507246376812;1185,5;23710,0;20,563746747614918;-39925,0;0,2956450950007303;8,21433588853004;43,26861492292603;0,9869848156182213;20,228070175438596
75,0;15,0;5,0;57;2309;384;1888;16,901408450704224;1281,75;25635,0;11,10220874837592;-29585,0;0,26159760358197953;12,090513298811073;34,5773060679712;1,0169491525423728;40,50877192982456
200,0;35,0;5,714285714285714;57;601;71;474;13,027522935779817;677,25;13545,0;22,537437603993343;-44205,0;0,22647084517693097;6,101904755478801;49,84386326767392;0,8559373116335142;10,543859649122806
50,0;15,0;3,3333333333333335;57;3077;716;2327;23,52941176470588;1205,25;24105,0;7,833929151771206;-29150,0;0,2262483884894444;7,458422918478492;31,467669257743495;1,0256410256410255;53,98245614035088
50,0;50,0;1,0;57;1401;686;666;50,7396449704142;910,25;18205,0;12,994289793004997;-30160,0;0,2092519895625373;1,5584004413397596;34,28480902527228;1,03003003003003;24,57894736842105
75,0;35,0;2,142857142857143;57;1279;393;836;31,97721724979658;788,5;15770,0;12,329945269741986;-46735,0;0,19352784772387313;3,1347489446419754;40,14530490127647;1,007347915242652;22,43859649122807
100,0;25,0;4,0;57;1354;259;1049;19,80122324159021;730,75;14615,0;10,793943870014772;-41050,0;0,17359644733088134;4,888089579500989;44,10819478179881;0,9876072449952336;23,75438596491228
25,0;50,0;0,5;57;2412;1594;771;67,39957716701903;769,0;15380,0;6,376451077943615;-27630,0;0,1448545079497662;0,7127652580193296;35,15000946300352;1,0337224383916992;42,31578947368421
75,0;25,0;3,0;57;1649;400;1205;24,922118380062305;590,5;11810,0;7,16191631291692;-41955,0;0,13246873878733542;2,9993462729191336;42,09955524081919;0,995850622406639;28,92982456140351
50,0;25,0;2,0;57;2236;736;1460;33,51548269581057;522,75;10455,0;4,675760286225403;-33975,0;0,10558108492357149;1,754059091693507;51,49232281178556;1,0082191780821919;39,228070175438596
200,0;75,0;2,6666666666666665;57;340;68;216;23,943661971830984;208,0;4160,0;12,235294117647058;-47705,0;0,08698816109448905;0,8461243739608173;70,00020232675878;0,8395061728395061;5,964912280701754
25,0;15,0;1,6666666666666667;57;4648;1740;2878;37,678648765699435;440,75;8815,0;1,8965146299483648;-22415,0;0,0778566491229982;2,095880126059414;58,63284001858099;1,0076441973592773;81,54385964912281
100,0;75,0;1,3333333333333333;57;598;232;311;42,7255985267035;233,0;4660,0;7,792642140468227;-42085,0;0,0743210868915263;0,4593424703781215;64,0117102594224;0,9946409431939979;10,491228070175438
100,0;50,0;2,0;57;816;250;512;32,808398950131235;140,5;2810,0;3,4436274509803924;-36075,0;0,039835760711280574;0,4307352697507916;53,676198932823105;0,9765625;14,31578947368421
200,0;100,0;2,0;57;280;68;155;30,493273542600896;-53,5;-1070,0;-3,8214285714285716;-43395,0;-0,023861273238481983;-0,14296219937244997;90,41194609281298;0,8774193548387097;4,912280701754386
200,0;25,0;8,0;57;802;70;680;9,333333333333334;-192,5;-3850,0;-4,800498753117207;-37585,0;-0,05764274505053006;-2,5280540401892706;128,14630435527394;0,8235294117647058;14,070175438596491
25,0;35,0;0,7142857142857143;57;2959;1700;1217;58,27905382242029;-340,0;-6800,0;-2,2980736735383576;-44165,0;-0,06201412463852693;-0,47139479781266636;79,91593172800233;0,997769691278319;51,91228070175438
25,0;25,0;1,0;57;3527;1738;1752;49,799426934097426;-397,25;-7945,0;-2,2526226254607313;-35455,0;-0,07182957566256344;-0,9087487038001612;87,50448356856784;0,9920091324200914;61,87719298245614
200,0;50,0;4,0;57;481;73;351;17,21698113207547;-244,0;-4880,0;-10,145530145530145;-53470,0;-0,08722428250023896;-1,3287310484369812;74,28104582278661;0,8319088319088319;8,43859649122807
